id,name,theme,base_color,secondary_color,accent_style,neutral_tone,description,is_sunburst_exclusive,product_sku,created_at
c_csv_0_5853,Sunburst 001-1 Felicity,Twilight Lavender & Orchard,#F4E9EB,#F8F2F4,#9E9798,#FDFBFC,Professional coordinating Sunburst color palette featuring 001-1 Felicity. Backed fully by Sunburst paints warranty protocols. Formulated for continuous coverage.,true,SB-CAT-2000-101,2026-06-10T18:33:15.853Z
c_csv_1_5853,Sunburst 001-2 Exotic Love,Twilight Lavender & Orchard,#F0E1E7,#F6EEF1,#9C9296,#FCFAFB,Professional coordinating Sunburst color palette featuring 001-2 Exotic Love. Backed fully by Sunburst paints warranty protocols. Formulated for continuous coverage.,true,SB-CAT-2000-102,2026-06-10T18:33:15.853Z
c_csv_2_5853,Sunburst 001-3 Amore,Twilight Lavender & Orchard,#E9CEE0,#F2E4ED,#978591,#FBF7FA,Professional coordinating Sunburst color palette featuring 001-3 Amore. Backed fully by Sunburst paints warranty protocols. Formulated for continuous coverage.,true,SB-CAT-2000-103,2026-06-10T18:33:15.853Z
c_csv_3_5853,Sunburst 001-4 Francee,Twilight Lavender & Orchard,#D0ABCA,#E5D0E1,#876F83,#F7F2F7,Professional coordinating Sunburst color palette featuring 001-4 Francee. Backed fully by Sunburst paints warranty protocols. Formulated for continuous coverage.,true,SB-CAT-3001-105,2026-06-10T18:33:15.853Z
c_csv_4_5853,Sunburst 001-5 Enchantress Eve,Twilight Lavender & Orchard,#A1759A,#CBB3C7,#684C64,#F0EAEF,Professional coordinating Sunburst color palette featuring 001-5 Enchantress Eve. Backed fully by Sunburst paints warranty protocols. Formulated for continuous coverage.,true,SB-CAT-3211-106,2026-06-10T18:33:15.853Z
c_csv_5_5853,Sunburst 001-6 Fruit Punch,Twilight Lavender & Orchard,#6A495F,#AD9AA7,#442F3D,#E8E3E7,Professional coordinating Sunburst color palette featuring 001-6 Fruit Punch. Backed fully by Sunburst paints warranty protocols. Formulated for continuous coverage.,true,SB-CAT-3215-107,2026-06-10T18:33:15.853Z
c_csv_6_5853,Sunburst 002-1 Soft Kiss,Twilight Lavender & Orchard,#F3EEEB,#F8F5F4,#9D9A98,#FDFCFC,Professional coordinating Sunburst color palette featuring 002-1 Soft Kiss. Backed fully by Sunburst paints warranty protocols. Formulated for continuous coverage.,true,SB-CAT-3221-108,2026-06-10T18:33:15.853Z
c_csv_7_5853,Sunburst 002-2 Lavender Frost,Twilight Lavender & Orchard,#F0E2E8,#F6EFF2,#9C9296,#FCFAFB,Professional coordinating Sunburst color palette featuring 002-2 Lavender Frost. Backed fully by Sunburst paints warranty protocols. Formulated for continuous coverage.,true,SB-CAT-3225-109,2026-06-10T18:33:15.853Z
c_csv_8_5853,Sunburst 002-3 Lavender Magic,Twilight Lavender & Orchard,#E9D2E6,#F2E6F1,#978895,#FBF8FB,Professional coordinating Sunburst color palette featuring 002-3 Lavender Magic. Backed fully by Sunburst paints warranty protocols. Formulated for continuous coverage.,true,SB-CAT-3PCP-111,2026-06-10T18:33:15.853Z
c_csv_9_5853,Sunburst 002-4 Lavender Splash,Twilight Lavender & Orchard,#E2C4E2,#EFDEEF,#927F92,#FAF6FA,Professional coordinating Sunburst color palette featuring 002-4 Lavender Splash. Backed fully by Sunburst paints warranty protocols. Formulated for continuous coverage.,true,SB-CAT-400C-114,2026-06-10T18:33:15.853Z
c_csv_10_5853,Sunburst 002-5 Iris Legend,Twilight Lavender & Orchard,#BE9AC9,#DBC7E1,#7B6482,#F5EFF6,Professional coordinating Sunburst color palette featuring 002-5 Iris Legend. Backed fully by Sunburst paints warranty protocols. Formulated for continuous coverage.,true,SB-CAT-400C-115,2026-06-10T18:33:15.853Z
c_csv_11_5853,Sunburst 002-6 Iris in the Wind,Twilight Lavender & Orchard,#694D70,#AC9DB0,#443248,#E8E4E9,Professional coordinating Sunburst color palette featuring 002-6 Iris in the Wind. Backed fully by Sunburst paints warranty protocols. Formulated for continuous coverage.,true,SB-CAT-400W-116,2026-06-10T18:33:15.853Z
c_csv_12_5855,Sunburst 003-1 Slight Nuance,Twilight Lavender & Orchard,#ECE4E7,#F4F0F1,#999496,#FCFAFB,Professional coordinating Sunburst color palette featuring 003-1 Slight Nuance. Backed fully by Sunburst paints warranty protocols. Formulated for continuous coverage.,true,SB-CAT-400W-117,2026-06-10T18:33:15.855Z
c_csv_13_5855,Sunburst 003-2 Nice Natalie,Twilight Lavender & Orchard,#E2D0DD,#EFE5EC,#92878F,#FAF7F9,Professional coordinating Sunburst color palette featuring 003-2 Nice Natalie. Backed fully by Sunburst paints warranty protocols. Formulated for continuous coverage.,true,SB-CAT-421C-118,2026-06-10T18:33:15.855Z
c_csv_14_5855,Sunburst 003-3 Vanishing Violet,Twilight Lavender & Orchard,#D5BED2,#E7DBE6,#8A7B88,#F8F5F8,Professional coordinating Sunburst color palette featuring 003-3 Vanishing Violet. Backed fully by Sunburst paints warranty protocols. Formulated for continuous coverage.,true,SB-CAT-421C-119,2026-06-10T18:33:15.855Z
c_csv_15_5855,Sunburst 003-4 Rosenbury,Twilight Lavender & Orchard,#AC99B3,#D1C6D5,#6F6374,#F2EFF3,Professional coordinating Sunburst color palette featuring 003-4 Rosenbury. Backed fully by Sunburst paints warranty protocols. Formulated for continuous coverage.,true,SB-CAT-4221-120,2026-06-10T18:33:15.855Z
c_csv_16_5855,Sunburst 003-5 Plush Plum,Twilight Lavender & Orchard,#917B96,#C2B6C5,#5E4F61,#EEEBEF,Professional coordinating Sunburst color palette featuring 003-5 Plush Plum. Backed fully by Sunburst paints warranty protocols. Formulated for continuous coverage.,true,SB-CAT-422W-121,2026-06-10T18:33:15.855Z
c_csv_17_5855,Sunburst 003-6 Purple Province,Twilight Lavender & Orchard,#5F4D60,#A79DA7,#3D323E,#E7E4E7,Professional coordinating Sunburst color palette featuring 003-6 Purple Province. Backed fully by Sunburst paints warranty protocols. Formulated for continuous coverage.,true,SB-CAT-4231-122,2026-06-10T18:33:15.855Z
c_csv_18_5855,Sunburst 004-1 Purple Statice,Signature Palette,#ECDDE8,#F4ECF2,#998F96,#FCF9FB,Professional coordinating Sunburst color palette featuring 004-1 Purple Statice. Backed fully by Sunburst paints warranty protocols. Formulated for continuous coverage.,true,SB-CAT-423W-123,2026-06-10T18:33:15.855Z
c_csv_19_5855,Sunburst 004-2 Sweet Spring,Signature Palette,#E5D3E5,#F0E6F0,#948994,#FBF8FB,Professional coordinating Sunburst color palette featuring 004-2 Sweet Spring. Backed fully by Sunburst paints warranty protocols. Formulated for continuous coverage.,true,SB-CAT-4231-124,2026-06-10T18:33:15.855Z
c_csv_20_5855,Sunburst 004-3 Peaceful Princess,Signature Palette,#DAC2DE,#EADDEC,#8D7E90,#F9F5FA,Professional coordinating Sunburst color palette featuring 004-3 Peaceful Princess. Backed fully by Sunburst paints warranty protocols. Formulated for continuous coverage.,true,SB-CAT-5GAL-126,2026-06-10T18:33:15.855Z
c_csv_21_5855,Sunburst 004-4 Poetic Purple,Signature Palette,#C7AED1,#E0D2E5,#817187,#F6F2F8,Professional coordinating Sunburst color palette featuring 004-4 Poetic Purple. Backed fully by Sunburst paints warranty protocols. Formulated for continuous coverage.,true,SB-CAT-621-127,2026-06-10T18:33:15.855Z
c_csv_22_5855,Sunburst 004-5 Whispering Wisteria,Signature Palette,#A083AD,#CABAD1,#685570,#F0ECF2,Professional coordinating Sunburst color palette featuring 004-5 Whispering Wisteria. Backed fully by Sunburst paints warranty protocols. Formulated for continuous coverage.,true,SB-CAT-622-128,2026-06-10T18:33:15.855Z
c_csv_23_5855,Sunburst 004-6 Ultra Violet,Signature Palette,#604767,#A799AB,#3E2E42,#E7E3E8,Professional coordinating Sunburst color palette featuring 004-6 Ultra Violet. Backed fully by Sunburst paints warranty protocols. Formulated for continuous coverage.,true,SB-CAT-6225-129,2026-06-10T18:33:15.855Z
c_csv_24_5855,Sunburst 005-1 Lavender Falls,Signature Palette,#F2EBEB,#F7F4F4,#9D9898,#FDFCFC,Professional coordinating Sunburst color palette featuring 005-1 Lavender Falls. Backed fully by Sunburst paints warranty protocols. Formulated for continuous coverage.,true,SB-CAT-8211-130,2026-06-10T18:33:15.855Z
c_csv_25_5855,Sunburst 005-2 Pearl Blush,Signature Palette,#EADFEA,#F3EDF3,#989098,#FBFAFB,Professional coordinating Sunburst color palette featuring 005-2 Pearl Blush. Backed fully by Sunburst paints warranty protocols. Formulated for continuous coverage.,true,SB-CAT-8215-131,2026-06-10T18:33:15.855Z
c_csv_26_5855,Sunburst 005-3 Play girl,Signature Palette,#E4D3E8,#F0E6F2,#948996,#FAF8FB,Professional coordinating Sunburst color palette featuring 005-3 Play girl. Backed fully by Sunburst paints warranty protocols. Formulated for continuous coverage.,true,SB-CAT-8231-132,2026-06-10T18:33:15.855Z
c_csv_27_5855,Sunburst 005-4 Promise of Spring,Signature Palette,#C5B2D9,#DFD4EA,#80738D,#F6F3F9,Professional coordinating Sunburst color palette featuring 005-4 Promise of Spring. Backed fully by Sunburst paints warranty protocols. Formulated for continuous coverage.,true,SB-CAT-8235-133,2026-06-10T18:33:15.855Z
c_csv_28_5855,Sunburst 005-5 Wisteria Way,Signature Palette,#9178B1,#C2B4D4,#5E4E73,#EEEAF3,Professional coordinating Sunburst color palette featuring 005-5 Wisteria Way. Backed fully by Sunburst paints warranty protocols. Formulated for continuous coverage.,true,SB-CAT-900C-134,2026-06-10T18:33:15.855Z
c_csv_29_5855,Sunburst 005-6 Royal Iris,Signature Palette,#6A4F7F,#AD9EB8,#443352,#E8E4EB,Professional coordinating Sunburst color palette featuring 005-6 Royal Iris. Backed fully by Sunburst paints warranty protocols. Formulated for continuous coverage.,true,SB-CAT-900W-135,2026-06-10T18:33:15.855Z
c_csv_30_5855,Sunburst 006-1 Purple Please,Signature Palette,#EEEAE8,#F5F3F2,#9A9896,#FCFBFB,Professional coordinating Sunburst color palette featuring 006-1 Purple Please. Backed fully by Sunburst paints warranty protocols. Formulated for continuous coverage.,true,SB-CAT-900C-136,2026-06-10T18:33:15.855Z
c_csv_31_5855,Sunburst 006-2 Dusty Pansy,Signature Palette,#E0D9DF,#EDEAED,#918D90,#FAF9FA,Professional coordinating Sunburst color palette featuring 006-2 Dusty Pansy. Backed fully by Sunburst paints warranty protocols. Formulated for continuous coverage.,true,SB-CAT-900W-137,2026-06-10T18:33:15.855Z
c_csv_32_5855,Sunburst 006-3 Plum Fun,Signature Palette,#D2C8D3,#E6E0E6,#888289,#F8F6F8,Professional coordinating Sunburst color palette featuring 006-3 Plum Fun. Backed fully by Sunburst paints warranty protocols. Formulated for continuous coverage.,true,SB-CAT-ADDC-139,2026-06-10T18:33:15.855Z
c_csv_33_5855,Sunburst 006-4 Lavender Lining,Signature Palette,#ACA6B9,#D1CED8,#6F6B78,#F2F1F4,Professional coordinating Sunburst color palette featuring 006-4 Lavender Lining. Backed fully by Sunburst paints warranty protocols. Formulated for continuous coverage.,true,SB-CAT-ADDC-140,2026-06-10T18:33:15.855Z
c_csv_34_5855,Sunburst 006-5 Dusty Plum,Signature Palette,#888196,#BDB9C5,#585361,#EDECEF,Professional coordinating Sunburst color palette featuring 006-5 Dusty Plum. Backed fully by Sunburst paints warranty protocols. Formulated for continuous coverage.,true,SB-CAT-CAME-143,2026-06-10T18:33:15.855Z
c_csv_35_5855,Sunburst 006-6 Purple Pleasure,Signature Palette,#514B56,#9F9CA2,#343037,#E4E4E5,Professional coordinating Sunburst color palette featuring 006-6 Purple Pleasure. Backed fully by Sunburst paints warranty protocols. Formulated for continuous coverage.,true,SB-CAT-CAME-144,2026-06-10T18:33:15.855Z
c_csv_36_5855,Sunburst 007-1 Lavender Life,Signature Palette,#EEE9EA,#F5F2F3,#9A9798,#FCFBFB,Professional coordinating Sunburst color palette featuring 007-1 Lavender Life. Backed fully by Sunburst paints warranty protocols. Formulated for continuous coverage.,true,SB-CAT-FILL-160,2026-06-10T18:33:15.855Z
c_csv_37_5855,Sunburst 007-2 Lure of Lavender,Signature Palette,#E9E3E8,#F2EFF2,#979396,#FBFAFB,Professional coordinating Sunburst color palette featuring 007-2 Lure of Lavender. Backed fully by Sunburst paints warranty protocols. Formulated for continuous coverage.,true,SB-CAT-FILL-161,2026-06-10T18:33:15.855Z
c_csv_38_5855,Sunburst 007-3 Lavender Luster,Signature Palette,#E1DBE6,#EEEBF1,#928E95,#FAF9FB,Professional coordinating Sunburst color palette featuring 007-3 Lavender Luster. Backed fully by Sunburst paints warranty protocols. Formulated for continuous coverage.,true,SB-CAT-GALL-164,2026-06-10T18:33:15.855Z
c_csv_39_5855,Sunburst 007-4 Purple Partner,Signature Palette,#BBB2CF,#D9D4E4,#797386,#F4F3F7,Professional coordinating Sunburst color palette featuring 007-4 Purple Partner. Backed fully by Sunburst paints warranty protocols. Formulated for continuous coverage.,true,SB-CAT-META-166,2026-06-10T18:33:15.855Z
c_csv_40_5855,Sunburst 007-5 Purple Wonder,Signature Palette,#877FA5,#BDB8CD,#57526B,#EDEBF1,Professional coordinating Sunburst color palette featuring 007-5 Purple Wonder. Backed fully by Sunburst paints warranty protocols. Formulated for continuous coverage.,true,SB-CAT-META-167,2026-06-10T18:33:15.855Z
c_csv_41_5855,Sunburst 007-6 Vintage Grape,Signature Palette,#5D506C,#A59EAE,#3C3446,#E6E4E8,Professional coordinating Sunburst color palette featuring 007-6 Vintage Grape. Backed fully by Sunburst paints warranty protocols. Formulated for continuous coverage.,true,SB-CAT-MIXM-168,2026-06-10T18:33:15.855Z
c_csv_42_5855,Sunburst 008-1 Lavender Jewel,Signature Palette,#EBE7EB,#F4F1F4,#989698,#FCFBFC,Professional coordinating Sunburst color palette featuring 008-1 Lavender Jewel. Backed fully by Sunburst paints warranty protocols. Formulated for continuous coverage.,true,SB-CAT-MIXM-169,2026-06-10T18:33:15.855Z
c_csv_43_5855,Sunburst 008-2 Lavender Link,Signature Palette,#E3DEEA,#EFECF3,#939098,#FAFAFB,Professional coordinating Sunburst color palette featuring 008-2 Lavender Link. Backed fully by Sunburst paints warranty protocols. Formulated for continuous coverage.,true,SB-CAT-MIXN-170,2026-06-10T18:33:15.855Z
c_csv_44_5855,Sunburst 008-3 Love Match,Signature Palette,#DAD4E8,#EAE7F2,#8D8996,#F9F8FB,Professional coordinating Sunburst color palette featuring 008-3 Love Match. Backed fully by Sunburst paints warranty protocols. Formulated for continuous coverage.,true,SB-CAT-NEWZ-171,2026-06-10T18:33:15.855Z
c_csv_45_5855,Sunburst 008-4 Purple Mountain,Signature Palette,#CCC3E3,#E2DEEF,#847E93,#F7F6FA,Professional coordinating Sunburst color palette featuring 008-4 Purple Mountain. Backed fully by Sunburst paints warranty protocols. Formulated for continuous coverage.,true,SB-CAT-NEWZ-172,2026-06-10T18:33:15.855Z
c_csv_46_5855,Sunburst 008-5 Splash,Signature Palette,#A29ECD,#CBC9E3,#696685,#F1F0F7,Professional coordinating Sunburst color palette featuring 008-5 Splash. Backed fully by Sunburst paints warranty protocols. Formulated for continuous coverage.,true,SB-CAT-OSPH-173,2026-06-10T18:33:15.855Z
c_csv_47_5855,Sunburst 008-6 Royal Legacy,Signature Palette,#5B5082,#A49EBA,#3B3454,#E6E4EC,Professional coordinating Sunburst color palette featuring 008-6 Royal Legacy. Backed fully by Sunburst paints warranty protocols. Formulated for continuous coverage.,true,SB-CAT-PAIN-177,2026-06-10T18:33:15.855Z
c_csv_48_5855,Sunburst 009-1 Lavender Sparkle,Signature Palette,#E9E8EC,#F2F2F4,#979699,#FBFBFC,Professional coordinating Sunburst color palette featuring 009-1 Lavender Sparkle. Backed fully by Sunburst paints warranty protocols. Formulated for continuous coverage.,true,SB-CAT-PAIN-178,2026-06-10T18:33:15.855Z
c_csv_49_5855,Sunburst 009-2 Lavish Lavender,Signature Palette,#D5D3E2,#E7E6EF,#8A8992,#F8F8FA,Professional coordinating Sunburst color palette featuring 009-2 Lavish Lavender. Backed fully by Sunburst paints warranty protocols. Formulated for continuous coverage.,true,SB-CAT-PLAS-180,2026-06-10T18:33:15.855Z
c_csv_50_5855,Sunburst 009-3 Lavender Meadow,Signature Palette,#C8C5DB,#E0DFEB,#82808E,#F6F6F9,Professional coordinating Sunburst color palette featuring 009-3 Lavender Meadow. Backed fully by Sunburst paints warranty protocols. Formulated for continuous coverage.,true,SB-CAT-RED-188,2026-06-10T18:33:15.855Z
c_csv_51_5855,Sunburst 009-4 Lavender Freeze,Signature Palette,#B5B5D0,#D6D6E5,#757587,#F3F3F7,Professional coordinating Sunburst color palette featuring 009-4 Lavender Freeze. Backed fully by Sunburst paints warranty protocols. Formulated for continuous coverage.,true,SB-CAT-TEST-199,2026-06-10T18:33:15.855Z
c_csv_52_5855,Sunburst 009-5 Purple Parade,Signature Palette,#7B7CAC,#B6B6D1,#4F506F,#EBEBF2,Professional coordinating Sunburst color palette featuring 009-5 Purple Parade. Backed fully by Sunburst paints warranty protocols. Formulated for continuous coverage.,true,SB-CAT-THIN-201,2026-06-10T18:33:15.855Z
c_csv_53_5855,Sunburst 009-6 Princely Purple,Signature Palette,#545072,#A09EB1,#36344A,#E5E4E9,Professional coordinating Sunburst color palette featuring 009-6 Princely Purple. Backed fully by Sunburst paints warranty protocols. Formulated for continuous coverage.,true,SB-CAT-TOUC-202,2026-06-10T18:33:15.855Z
c_csv_54_5855,Sunburst 010-1 Pale Grey,Ocean Marine & Sky Coasts,#E8E4E6,#F2F0F1,#969495,#FBFAFB,Professional coordinating Sunburst color palette featuring 010-1 Pale Grey. Backed fully by Sunburst paints warranty protocols. Formulated for continuous coverage.,true,SB-CAT-TRAF-203,2026-06-10T18:33:15.855Z
c_csv_55_5855,Sunburst 010-2 Wisp of Smoke,Ocean Marine & Sky Coasts,#DDD9DE,#ECEAEC,#8F8D90,#F9F9FA,Professional coordinating Sunburst color palette featuring 010-2 Wisp of Smoke. Backed fully by Sunburst paints warranty protocols. Formulated for continuous coverage.,true,SB-CAT-TRAF-205,2026-06-10T18:33:15.855Z
c_csv_56_5855,Sunburst 010-3 Prelude to Purple,Ocean Marine & Sky Coasts,#C8C5D0,#E0DFE5,#828087,#F6F6F7,Professional coordinating Sunburst color palette featuring 010-3 Prelude to Purple. Backed fully by Sunburst paints warranty protocols. Formulated for continuous coverage.,true,SB-CAT-TROP-206,2026-06-10T18:33:15.855Z
c_csv_57_5855,Sunburst 010-4 Siberian Iris,Ocean Marine & Sky Coasts,#B4B3C3,#D5D5DE,#75747E,#F3F3F6,Professional coordinating Sunburst color palette featuring 010-4 Siberian Iris. Backed fully by Sunburst paints warranty protocols. Formulated for continuous coverage.,true,SB-CAT-TROP-207,2026-06-10T18:33:15.855Z
c_csv_58_5855,Sunburst 010-5 Violet Eyes,Ocean Marine & Sky Coasts,#89879A,#BEBDC7,#595764,#EDEDEF,Professional coordinating Sunburst color palette featuring 010-5 Violet Eyes. Backed fully by Sunburst paints warranty protocols. Formulated for continuous coverage.,true,SB-CAT-UB5G-208,2026-06-10T18:33:15.855Z
c_csv_59_5855,Sunburst 010-6 Angie's Eggplant,Ocean Marine & Sky Coasts,#57525E,#A29FA6,#38353D,#E5E5E6,Professional coordinating Sunburst color palette featuring 010-6 Angie's Eggplant. Backed fully by Sunburst paints warranty protocols. Formulated for continuous coverage.,true,SB-CAT-UBTA-209,2026-06-10T18:33:15.855Z
c_csv_60_5855,Sunburst 011-1 Glacier Stream,Ocean Marine & Sky Coasts,#E9E5E4,#F2F0F0,#979494,#FBFBFA,Professional coordinating Sunburst color palette featuring 011-1 Glacier Stream. Backed fully by Sunburst paints warranty protocols. Formulated for continuous coverage.,true,SB-CAT-UBTA-210,2026-06-10T18:33:15.855Z
c_csv_61_5855,Sunburst 011-2 Moon Dance,Ocean Marine & Sky Coasts,#DCD7DC,#EBE9EB,#8F8B8F,#F9F9F9,Professional coordinating Sunburst color palette featuring 011-2 Moon Dance. Backed fully by Sunburst paints warranty protocols. Formulated for continuous coverage.,true,SB-CAT-ZEAL-216,2026-06-10T18:33:15.855Z
c_csv_62_5855,Sunburst 011-3 French Lavender,Ocean Marine & Sky Coasts,#D1CBD3,#E5E2E6,#878389,#F8F7F8,Professional coordinating Sunburst color palette featuring 011-3 French Lavender. Backed fully by Sunburst paints warranty protocols. Formulated for continuous coverage.,true,SB-CAT-2000-101,2026-06-10T18:33:15.855Z
c_csv_63_5855,Sunburst 011-4 Hidden Cove,Ocean Marine & Sky Coasts,#A9A8B7,#CFCFD7,#6D6D76,#F2F1F4,Professional coordinating Sunburst color palette featuring 011-4 Hidden Cove. Backed fully by Sunburst paints warranty protocols. Formulated for continuous coverage.,true,SB-CAT-2000-102,2026-06-10T18:33:15.855Z
c_csv_64_5855,Sunburst 011-5 Windswept Solitude,Ocean Marine & Sky Coasts,#8C8C9D,#BFBFC9,#5B5B66,#EDEDF0,Professional coordinating Sunburst color palette featuring 011-5 Windswept Solitude. Backed fully by Sunburst paints warranty protocols. Formulated for continuous coverage.,true,SB-CAT-2000-103,2026-06-10T18:33:15.855Z
c_csv_65_5855,Sunburst 011-6 Graphite,Ocean Marine & Sky Coasts,#514E58,#9F9DA3,#343239,#E4E4E5,Professional coordinating Sunburst color palette featuring 011-6 Graphite. Backed fully by Sunburst paints warranty protocols. Formulated for continuous coverage.,true,SB-CAT-3001-105,2026-06-10T18:33:15.855Z
c_csv_66_5855,Sunburst 012-1 Grape Frost,Ocean Marine & Sky Coasts,#E0DCE1,#EDEBEE,#918F92,#FAF9FA,Professional coordinating Sunburst color palette featuring 012-1 Grape Frost. Backed fully by Sunburst paints warranty protocols. Formulated for continuous coverage.,true,SB-CAT-3211-106,2026-06-10T18:33:15.855Z
c_csv_67_5855,Sunburst 012-2 Idyll Iris,Ocean Marine & Sky Coasts,#D2CFDB,#E6E4EB,#88868E,#F8F7F9,Professional coordinating Sunburst color palette featuring 012-2 Idyll Iris. Backed fully by Sunburst paints warranty protocols. Formulated for continuous coverage.,true,SB-CAT-3215-107,2026-06-10T18:33:15.855Z
c_csv_68_5855,Sunburst 012-3 Heather Glen,Ocean Marine & Sky Coasts,#BFBDCF,#DBDAE4,#7C7A86,#F5F5F7,Professional coordinating Sunburst color palette featuring 012-3 Heather Glen. Backed fully by Sunburst paints warranty protocols. Formulated for continuous coverage.,true,SB-CAT-3221-108,2026-06-10T18:33:15.855Z
c_csv_69_5855,Sunburst 012-4 Violet Fog,Ocean Marine & Sky Coasts,#A5A7BB,#CDCED9,#6B6C79,#F1F1F4,Professional coordinating Sunburst color palette featuring 012-4 Violet Fog. Backed fully by Sunburst paints warranty protocols. Formulated for continuous coverage.,true,SB-CAT-3225-109,2026-06-10T18:33:15.855Z
c_csv_70_5855,Sunburst 012-5 Shady Lady,Ocean Marine & Sky Coasts,#7C7E95,#B6B8C4,#505160,#EBEBEF,Professional coordinating Sunburst color palette featuring 012-5 Shady Lady. Backed fully by Sunburst paints warranty protocols. Formulated for continuous coverage.,true,SB-CAT-3PCP-111,2026-06-10T18:33:15.855Z
c_csv_71_5855,Sunburst 012-6 Superstition,Ocean Marine & Sky Coasts,#4E4C59,#9D9CA3,#323139,#E4E4E6,Professional coordinating Sunburst color palette featuring 012-6 Superstition. Backed fully by Sunburst paints warranty protocols. Formulated for continuous coverage.,true,SB-CAT-400C-114,2026-06-10T18:33:15.855Z
c_csv_72_5855,Sunburst 013-1 Iced Platinum,Ocean Marine & Sky Coasts,#E2E2E7,#EFEFF1,#929296,#FAFAFB,Professional coordinating Sunburst color palette featuring 013-1 Iced Platinum. Backed fully by Sunburst paints warranty protocols. Formulated for continuous coverage.,true,SB-CAT-400C-115,2026-06-10T18:33:15.855Z
c_csv_73_5855,Sunburst 013-2 Lavish Lilac,Ocean Marine & Sky Coasts,#D8D8E4,#E9E9F0,#8C8C94,#F9F9FA,Professional coordinating Sunburst color palette featuring 013-2 Lavish Lilac. Backed fully by Sunburst paints warranty protocols. Formulated for continuous coverage.,true,SB-CAT-400W-116,2026-06-10T18:33:15.855Z
c_csv_74_5855,Sunburst 013-3 Iris Anthem,Ocean Marine & Sky Coasts,#C8CBE0,#E0E2ED,#828391,#F6F7FA,Professional coordinating Sunburst color palette featuring 013-3 Iris Anthem. Backed fully by Sunburst paints warranty protocols. Formulated for continuous coverage.,true,SB-CAT-400W-117,2026-06-10T18:33:15.855Z
c_csv_75_5855,Sunburst 013-4 Iris Interlude,Ocean Marine & Sky Coasts,#9FA6C9,#CACEE1,#676B82,#F0F1F6,Professional coordinating Sunburst color palette featuring 013-4 Iris Interlude. Backed fully by Sunburst paints warranty protocols. Formulated for continuous coverage.,true,SB-CAT-421C-118,2026-06-10T18:33:15.855Z
c_csv_76_5855,Sunburst 013-5 Grape Orbit,Ocean Marine & Sky Coasts,#7E88AD,#B8BDD1,#515870,#EBEDF2,Professional coordinating Sunburst color palette featuring 013-5 Grape Orbit. Backed fully by Sunburst paints warranty protocols. Formulated for continuous coverage.,true,SB-CAT-421C-119,2026-06-10T18:33:15.855Z
c_csv_77_5855,Sunburst 013-6 Royal Raisa,Ocean Marine & Sky Coasts,#51506F,#9F9EAF,#343448,#E4E4E9,Professional coordinating Sunburst color palette featuring 013-6 Royal Raisa. Backed fully by Sunburst paints warranty protocols. Formulated for continuous coverage.,true,SB-CAT-4221-120,2026-06-10T18:33:15.855Z
c_csv_78_5855,Sunburst 014-1 Glimpse of Lavender,Ocean Marine & Sky Coasts,#E2E5EB,#EFF0F4,#929498,#FAFBFC,Professional coordinating Sunburst color palette featuring 014-1 Glimpse of Lavender. Backed fully by Sunburst paints warranty protocols. Formulated for continuous coverage.,true,SB-CAT-422W-121,2026-06-10T18:33:15.855Z
c_csv_79_5855,Sunburst 014-2 Spring Lilac,Ocean Marine & Sky Coasts,#D9DCE9,#EAEBF2,#8D8F97,#F9F9FB,Professional coordinating Sunburst color palette featuring 014-2 Spring Lilac. Backed fully by Sunburst paints warranty protocols. Formulated for continuous coverage.,true,SB-CAT-4231-122,2026-06-10T18:33:15.855Z
c_csv_80_5855,Sunburst 014-3 Iris Bud,Ocean Marine & Sky Coasts,#C7CEE7,#E0E4F1,#818596,#F6F7FB,Professional coordinating Sunburst color palette featuring 014-3 Iris Bud. Backed fully by Sunburst paints warranty protocols. Formulated for continuous coverage.,true,SB-CAT-423W-123,2026-06-10T18:33:15.855Z
c_csv_81_5855,Sunburst 014-4 Iris by the Pond,Ocean Marine & Sky Coasts,#BBC3E3,#D9DEEF,#797E93,#F4F6FA,Professional coordinating Sunburst color palette featuring 014-4 Iris by the Pond. Backed fully by Sunburst paints warranty protocols. Formulated for continuous coverage.,true,SB-CAT-4231-124,2026-06-10T18:33:15.855Z
c_csv_82_5855,Sunburst 014-5 Violets are Blue,Ocean Marine & Sky Coasts,#8A99CC,#BEC6E2,#596384,#EDEFF7,Professional coordinating Sunburst color palette featuring 014-5 Violets are Blue. Backed fully by Sunburst paints warranty protocols. Formulated for continuous coverage.,true,SB-CAT-5GAL-126,2026-06-10T18:33:15.855Z
c_csv_83_5855,Sunburst 014-6 Periwinkle Place,Ocean Marine & Sky Coasts,#51578E,#9FA2C0,#34385C,#E4E5EE,Professional coordinating Sunburst color palette featuring 014-6 Periwinkle Place. Backed fully by Sunburst paints warranty protocols. Formulated for continuous coverage.,true,SB-CAT-621-127,2026-06-10T18:33:15.855Z
c_csv_84_5855,Sunburst 015-1 Ice Age Glacier,Ocean Marine & Sky Coasts,#F0EFEB,#F6F6F4,#9C9B98,#FCFCFC,Professional coordinating Sunburst color palette featuring 015-1 Ice Age Glacier. Backed fully by Sunburst paints warranty protocols. Formulated for continuous coverage.,true,SB-CAT-622-128,2026-06-10T18:33:15.855Z
c_csv_85_5855,Sunburst 015-2 Soft Dreams,Ocean Marine & Sky Coasts,#CCD5E8,#E2E7F2,#848A96,#F7F8FB,Professional coordinating Sunburst color palette featuring 015-2 Soft Dreams. Backed fully by Sunburst paints warranty protocols. Formulated for continuous coverage.,true,SB-CAT-6225-129,2026-06-10T18:33:15.855Z
c_csv_86_5855,Sunburst 015-3 Princess Belle,Ocean Marine & Sky Coasts,#B8C5E5,#D7DFF0,#778094,#F4F6FB,Professional coordinating Sunburst color palette featuring 015-3 Princess Belle. Backed fully by Sunburst paints warranty protocols. Formulated for continuous coverage.,true,SB-CAT-8211-130,2026-06-10T18:33:15.855Z
c_csv_87_5855,Sunburst 015-4 Phlox Blue,Ocean Marine & Sky Coasts,#9EB0DA,#C9D3EA,#66728D,#F0F3F9,Professional coordinating Sunburst color palette featuring 015-4 Phlox Blue. Backed fully by Sunburst paints warranty protocols. Formulated for continuous coverage.,true,SB-CAT-8215-131,2026-06-10T18:33:15.855Z
c_csv_88_5855,Sunburst 015-5 Blue Bomber,Ocean Marine & Sky Coasts,#6980B9,#ACB9D8,#445378,#E8EBF4,Professional coordinating Sunburst color palette featuring 015-5 Blue Bomber. Backed fully by Sunburst paints warranty protocols. Formulated for continuous coverage.,true,SB-CAT-8231-132,2026-06-10T18:33:15.855Z
c_csv_89_5855,Sunburst 015-6 Groovy Blue,Ocean Marine & Sky Coasts,#474C7B,#999CB6,#2E314F,#E3E4EB,Professional coordinating Sunburst color palette featuring 015-6 Groovy Blue. Backed fully by Sunburst paints warranty protocols. Formulated for continuous coverage.,true,SB-CAT-8235-133,2026-06-10T18:33:15.855Z
c_csv_90_5855,Sunburst 016-1 Blush of Dawn,Ocean Marine & Sky Coasts,#E6E7E8,#F1F1F2,#959696,#FBFBFB,Professional coordinating Sunburst color palette featuring 016-1 Blush of Dawn. Backed fully by Sunburst paints warranty protocols. Formulated for continuous coverage.,true,SB-CAT-900C-134,2026-06-10T18:33:15.855Z
c_csv_91_5855,Sunburst 016-2 Miss Belle,Ocean Marine & Sky Coasts,#D1D7E2,#E5E9EF,#878B92,#F8F9FA,Professional coordinating Sunburst color palette featuring 016-2 Miss Belle. Backed fully by Sunburst paints warranty protocols. Formulated for continuous coverage.,true,SB-CAT-900W-135,2026-06-10T18:33:15.855Z
c_csv_92_5855,Sunburst 016-3 Moonlight Orchid,Ocean Marine & Sky Coasts,#9EA9C5,#C9CFDF,#666D80,#F0F2F6,Professional coordinating Sunburst color palette featuring 016-3 Moonlight Orchid. Backed fully by Sunburst paints warranty protocols. Formulated for continuous coverage.,true,SB-CAT-900C-136,2026-06-10T18:33:15.855Z
c_csv_93_5855,Sunburst 016-4 Painted Pansy,Ocean Marine & Sky Coasts,#8797B4,#BDC5D5,#576275,#EDEFF3,Professional coordinating Sunburst color palette featuring 016-4 Painted Pansy. Backed fully by Sunburst paints warranty protocols. Formulated for continuous coverage.,true,SB-CAT-900W-137,2026-06-10T18:33:15.855Z
c_csv_94_5855,Sunburst 016-5 Parisan Purple,Ocean Marine & Sky Coasts,#647291,#A9B1C2,#414A5E,#E7E9EE,Professional coordinating Sunburst color palette featuring 016-5 Parisan Purple. Backed fully by Sunburst paints warranty protocols. Formulated for continuous coverage.,true,SB-CAT-ADDC-139,2026-06-10T18:33:15.855Z
c_csv_95_5855,Sunburst 016-6 Night Beacon,Ocean Marine & Sky Coasts,#43505F,#979EA7,#2B343D,#E2E4E7,Professional coordinating Sunburst color palette featuring 016-6 Night Beacon. Backed fully by Sunburst paints warranty protocols. Formulated for continuous coverage.,true,SB-CAT-ADDC-140,2026-06-10T18:33:15.855Z
c_csv_96_5855,Sunburst 017-1 Blue Cascade,Ocean Marine & Sky Coasts,#E2E5E4,#EFF0F0,#929494,#FAFBFA,Professional coordinating Sunburst color palette featuring 017-1 Blue Cascade. Backed fully by Sunburst paints warranty protocols. Formulated for continuous coverage.,true,SB-CAT-CAME-143,2026-06-10T18:33:15.855Z
c_csv_97_5855,Sunburst 017-2 Blue Twilight,Ocean Marine & Sky Coasts,#D5DBDF,#E7EBED,#8A8E90,#F8F9FA,Professional coordinating Sunburst color palette featuring 017-2 Blue Twilight. Backed fully by Sunburst paints warranty protocols. Formulated for continuous coverage.,true,SB-CAT-CAME-144,2026-06-10T18:33:15.855Z
c_csv_98_5855,Sunburst 017-3 Blue Bottle,Ocean Marine & Sky Coasts,#C2C9D3,#DDE1E6,#7E8289,#F5F6F8,Professional coordinating Sunburst color palette featuring 017-3 Blue Bottle. Backed fully by Sunburst paints warranty protocols. Formulated for continuous coverage.,true,SB-CAT-FILL-160,2026-06-10T18:33:15.855Z
c_csv_99_5855,Sunburst 017-4 Moonlit Blue,Ocean Marine & Sky Coasts,#9CA8B8,#C8CFD7,#656D77,#F0F1F4,Professional coordinating Sunburst color palette featuring 017-4 Moonlit Blue. Backed fully by Sunburst paints warranty protocols. Formulated for continuous coverage.,true,SB-CAT-FILL-161,2026-06-10T18:33:15.855Z
c_csv_100_5855,Sunburst 017-5 Midsummer's Night,Ocean Marine & Sky Coasts,#7F8DA0,#B8C0CA,#525B68,#EBEDF0,Professional coordinating Sunburst color palette featuring 017-5 Midsummer's Night. Backed fully by Sunburst paints warranty protocols. Formulated for continuous coverage.,true,SB-CAT-GALL-164,2026-06-10T18:33:15.855Z
c_csv_101_5855,Sunburst 017-6 River Noire,Ocean Marine & Sky Coasts,#474C56,#999CA2,#2E3137,#E3E4E5,Professional coordinating Sunburst color palette featuring 017-6 River Noire. Backed fully by Sunburst paints warranty protocols. Formulated for continuous coverage.,true,SB-CAT-META-166,2026-06-10T18:33:15.855Z
c_csv_102_5855,Sunburst 018-1 Pale Moon,Ocean Marine & Sky Coasts,#EBEEEB,#F4F5F4,#989A98,#FCFCFC,Professional coordinating Sunburst color palette featuring 018-1 Pale Moon. Backed fully by Sunburst paints warranty protocols. Formulated for continuous coverage.,true,SB-CAT-META-167,2026-06-10T18:33:15.855Z
c_csv_103_5855,Sunburst 018-2 Peek-a-blue,Ocean Marine & Sky Coasts,#D5DEE8,#E7ECF2,#8A9096,#F8FAFB,Professional coordinating Sunburst color palette featuring 018-2 Peek-a-blue. Backed fully by Sunburst paints warranty protocols. Formulated for continuous coverage.,true,SB-CAT-MIXM-168,2026-06-10T18:33:15.855Z
c_csv_104_5855,Sunburst 018-3 Lake Sylvan,Ocean Marine & Sky Coasts,#B2C4DD,#D4DEEC,#737F8F,#F3F6F9,Professional coordinating Sunburst color palette featuring 018-3 Lake Sylvan. Backed fully by Sunburst paints warranty protocols. Formulated for continuous coverage.,true,SB-CAT-MIXM-169,2026-06-10T18:33:15.855Z
c_csv_105_5855,Sunburst 018-4 Mike's Eyes,Ocean Marine & Sky Coasts,#9AB2D2,#C7D4E6,#647388,#EFF3F8,Professional coordinating Sunburst color palette featuring 018-4 Mike's Eyes. Backed fully by Sunburst paints warranty protocols. Formulated for continuous coverage.,true,SB-CAT-MIXN-170,2026-06-10T18:33:15.855Z
c_csv_106_5855,Sunburst 018-5 Neptune's Home,Ocean Marine & Sky Coasts,#7E98C0,#B8C6DC,#51627C,#EBEFF5,Professional coordinating Sunburst color palette featuring 018-5 Neptune's Home. Backed fully by Sunburst paints warranty protocols. Formulated for continuous coverage.,true,SB-CAT-NEWZ-171,2026-06-10T18:33:15.855Z
c_csv_107_5855,Sunburst 018-6 Midnight Hour,Ocean Marine & Sky Coasts,#364469,#9098AC,#232C44,#E0E2E8,Professional coordinating Sunburst color palette featuring 018-6 Midnight Hour. Backed fully by Sunburst paints warranty protocols. Formulated for continuous coverage.,true,SB-CAT-NEWZ-172,2026-06-10T18:33:15.855Z
c_csv_108_5855,Sunburst 019-1 Belize Breeze,Ocean Marine & Sky Coasts,#EBEEEA,#F4F5F3,#989A98,#FCFCFB,Professional coordinating Sunburst color palette featuring 019-1 Belize Breeze. Backed fully by Sunburst paints warranty protocols. Formulated for continuous coverage.,true,SB-CAT-OSPH-173,2026-06-10T18:33:15.855Z
c_csv_109_5855,Sunburst 019-2 Blue Luster,Ocean Marine & Sky Coasts,#DCE7EB,#EBF1F4,#8F9698,#F9FBFC,Professional coordinating Sunburst color palette featuring 019-2 Blue Luster. Backed fully by Sunburst paints warranty protocols. Formulated for continuous coverage.,true,SB-CAT-PAIN-177,2026-06-10T18:33:15.855Z
c_csv_110_5855,Sunburst 019-3 Blue Streak,Ocean Marine & Sky Coasts,#C5DAEA,#DFEAF3,#808D98,#F6F9FB,Professional coordinating Sunburst color palette featuring 019-3 Blue Streak. Backed fully by Sunburst paints warranty protocols. Formulated for continuous coverage.,true,SB-CAT-PAIN-178,2026-06-10T18:33:15.855Z
c_csv_111_5855,Sunburst 019-4 New Day Sky,Ocean Marine & Sky Coasts,#A7C5E4,#CEDFF0,#6C8094,#F1F6FA,Professional coordinating Sunburst color palette featuring 019-4 New Day Sky. Backed fully by Sunburst paints warranty protocols. Formulated for continuous coverage.,true,SB-CAT-PLAS-180,2026-06-10T18:33:15.855Z
c_csv_112_5855,Sunburst 019-5 Newport,Ocean Marine & Sky Coasts,#719BCD,#B0C8E3,#496485,#E9F0F7,Professional coordinating Sunburst color palette featuring 019-5 Newport. Backed fully by Sunburst paints warranty protocols. Formulated for continuous coverage.,true,SB-CAT-RED-188,2026-06-10T18:33:15.855Z
c_csv_113_5856,Sunburst 019-6 Blue Laser,Ocean Marine & Sky Coasts,#3E4D7E,#949DB8,#283251,#E2E4EB,Professional coordinating Sunburst color palette featuring 019-6 Blue Laser. Backed fully by Sunburst paints warranty protocols. Formulated for continuous coverage.,true,SB-CAT-TEST-199,2026-06-10T18:33:15.856Z
c_csv_114_5856,Sunburst 020-1 Tomorrow's Promise,Ocean Marine & Sky Coasts,#DAE4EB,#EAF0F4,#8D9498,#F9FAFC,Professional coordinating Sunburst color palette featuring 020-1 Tomorrow's Promise. Backed fully by Sunburst paints warranty protocols. Formulated for continuous coverage.,true,SB-CAT-THIN-201,2026-06-10T18:33:15.856Z
c_csv_115_5856,Sunburst 020-2 Blues in the Breeze,Ocean Marine & Sky Coasts,#CFDDEC,#E4ECF4,#868F99,#F7F9FC,Professional coordinating Sunburst color palette featuring 020-2 Blues in the Breeze. Backed fully by Sunburst paints warranty protocols. Formulated for continuous coverage.,true,SB-CAT-TOUC-202,2026-06-10T18:33:15.856Z
c_csv_116_5856,Sunburst 020-3 Bonbon Blue,Ocean Marine & Sky Coasts,#B8CDE7,#D7E3F1,#778596,#F4F7FB,Professional coordinating Sunburst color palette featuring 020-3 Bonbon Blue. Backed fully by Sunburst paints warranty protocols. Formulated for continuous coverage.,true,SB-CAT-TRAF-203,2026-06-10T18:33:15.856Z
c_csv_117_5856,Sunburst 020-4 Cool Dude,Ocean Marine & Sky Coasts,#95B1DB,#C4D4EB,#60738E,#EFF3F9,Professional coordinating Sunburst color palette featuring 020-4 Cool Dude. Backed fully by Sunburst paints warranty protocols. Formulated for continuous coverage.,true,SB-CAT-TRAF-205,2026-06-10T18:33:15.856Z
c_csv_118_5856,Sunburst 020-5 Blue Topaz,Ocean Marine & Sky Coasts,#799ACC,#B5C7E2,#4E6484,#EAEFF7,Professional coordinating Sunburst color palette featuring 020-5 Blue Topaz. Backed fully by Sunburst paints warranty protocols. Formulated for continuous coverage.,true,SB-CAT-TROP-206,2026-06-10T18:33:15.856Z
c_csv_119_5856,Sunburst 020-6 North Atlantic Blue,Ocean Marine & Sky Coasts,#42548B,#97A0BF,#2A365A,#E2E5ED,Professional coordinating Sunburst color palette featuring 020-6 North Atlantic Blue. Backed fully by Sunburst paints warranty protocols. Formulated for continuous coverage.,true,SB-CAT-TROP-207,2026-06-10T18:33:15.856Z
c_csv_120_5856,Sunburst 021-1 Belle of Blue,Ocean Marine & Sky Coasts,#C6D3DF,#DFE6ED,#808990,#F6F8FA,Professional coordinating Sunburst color palette featuring 021-1 Belle of Blue. Backed fully by Sunburst paints warranty protocols. Formulated for continuous coverage.,true,SB-CAT-UB5G-208,2026-06-10T18:33:15.856Z
c_csv_121_5856,Sunburst 021-2 Berry Patch Blue,Ocean Marine & Sky Coasts,#A8BBD0,#CFD9E5,#6D7987,#F1F4F7,Professional coordinating Sunburst color palette featuring 021-2 Berry Patch Blue. Backed fully by Sunburst paints warranty protocols. Formulated for continuous coverage.,true,SB-CAT-UBTA-209,2026-06-10T18:33:15.856Z
c_csv_122_5856,Sunburst 021-3 Bluestone Path,Ocean Marine & Sky Coasts,#8499B2,#BBC6D4,#556373,#ECEFF3,Professional coordinating Sunburst color palette featuring 021-3 Bluestone Path. Backed fully by Sunburst paints warranty protocols. Formulated for continuous coverage.,true,SB-CAT-UBTA-210,2026-06-10T18:33:15.856Z
c_csv_123_5856,Sunburst 021-4 Blue Blazer,Ocean Marine & Sky Coasts,#7188A3,#B0BDCC,#495869,#E9EDF1,Professional coordinating Sunburst color palette featuring 021-4 Blue Blazer. Backed fully by Sunburst paints warranty protocols. Formulated for continuous coverage.,true,SB-CAT-ZEAL-216,2026-06-10T18:33:15.856Z
c_csv_124_5856,Sunburst 021-5 Blue Ridge Mountain,Ocean Marine & Sky Coasts,#5D738F,#A5B2C1,#3C4A5C,#E6EAEE,Professional coordinating Sunburst color palette featuring 021-5 Blue Ridge Mountain. Backed fully by Sunburst paints warranty protocols. Formulated for continuous coverage.,true,SB-CAT-2000-101,2026-06-10T18:33:15.856Z
c_csv_125_5856,Sunburst 021-6 Blue Beard,Ocean Marine & Sky Coasts,#455269,#989FAC,#2C3544,#E3E5E8,Professional coordinating Sunburst color palette featuring 021-6 Blue Beard. Backed fully by Sunburst paints warranty protocols. Formulated for continuous coverage.,true,SB-CAT-2000-102,2026-06-10T18:33:15.856Z
c_csv_126_5856,Sunburst 022-1 Snow Queen,Ocean Marine & Sky Coasts,#E3E7E8,#EFF1F2,#939696,#FAFBFB,Professional coordinating Sunburst color palette featuring 022-1 Snow Queen. Backed fully by Sunburst paints warranty protocols. Formulated for continuous coverage.,true,SB-CAT-2000-103,2026-06-10T18:33:15.856Z
c_csv_127_5856,Sunburst 022-2 Baby Boy,Ocean Marine & Sky Coasts,#C6D8E5,#DFE9F0,#808C94,#F6F9FB,Professional coordinating Sunburst color palette featuring 022-2 Baby Boy. Backed fully by Sunburst paints warranty protocols. Formulated for continuous coverage.,true,SB-CAT-3001-105,2026-06-10T18:33:15.856Z
c_csv_128_5856,Sunburst 022-3 Bilboa Blue,Ocean Marine & Sky Coasts,#B1CBE1,#D4E2EE,#738392,#F3F7FA,Professional coordinating Sunburst color palette featuring 022-3 Bilboa Blue. Backed fully by Sunburst paints warranty protocols. Formulated for continuous coverage.,true,SB-CAT-3211-106,2026-06-10T18:33:15.856Z
c_csv_129_5856,Sunburst 022-4 Birthday Boy Blue,Ocean Marine & Sky Coasts,#94B4D2,#C4D5E6,#607588,#EEF3F8,Professional coordinating Sunburst color palette featuring 022-4 Birthday Boy Blue. Backed fully by Sunburst paints warranty protocols. Formulated for continuous coverage.,true,SB-CAT-3215-107,2026-06-10T18:33:15.856Z
c_csv_130_5856,Sunburst 022-5 Blue Bristol,Ocean Marine & Sky Coasts,#779EC4,#B4C9DE,#4D667F,#EAF0F6,Professional coordinating Sunburst color palette featuring 022-5 Blue Bristol. Backed fully by Sunburst paints warranty protocols. Formulated for continuous coverage.,true,SB-CAT-3221-108,2026-06-10T18:33:15.856Z
c_csv_131_5856,Sunburst 022-6 Sapphire Gem,Ocean Marine & Sky Coasts,#2D5283,#8B9FBA,#1D3555,#DFE5EC,Professional coordinating Sunburst color palette featuring 022-6 Sapphire Gem. Backed fully by Sunburst paints warranty protocols. Formulated for continuous coverage.,true,SB-CAT-3225-109,2026-06-10T18:33:15.856Z
c_csv_132_5856,Sunburst 023-1 Sailor's Hat,Ocean Marine & Sky Coasts,#E5E9E9,#F0F2F2,#949797,#FBFBFB,Professional coordinating Sunburst color palette featuring 023-1 Sailor's Hat. Backed fully by Sunburst paints warranty protocols. Formulated for continuous coverage.,true,SB-CAT-3PCP-111,2026-06-10T18:33:15.856Z
c_csv_133_5856,Sunburst 023-2 Rain Dance,Ocean Marine & Sky Coasts,#DDE4E6,#ECF0F1,#8F9495,#F9FAFB,Professional coordinating Sunburst color palette featuring 023-2 Rain Dance. Backed fully by Sunburst paints warranty protocols. Formulated for continuous coverage.,true,SB-CAT-400C-114,2026-06-10T18:33:15.856Z
c_csv_134_5856,Sunburst 023-3 Beauty Bay,Ocean Marine & Sky Coasts,#C1D3E0,#DCE6ED,#7D8991,#F5F8FA,Professional coordinating Sunburst color palette featuring 023-3 Beauty Bay. Backed fully by Sunburst paints warranty protocols. Formulated for continuous coverage.,true,SB-CAT-400C-115,2026-06-10T18:33:15.856Z
c_csv_135_5856,Sunburst 023-4 Bedford Blue,Ocean Marine & Sky Coasts,#A3BCD1,#CCDAE5,#697A87,#F1F4F8,Professional coordinating Sunburst color palette featuring 023-4 Bedford Blue. Backed fully by Sunburst paints warranty protocols. Formulated for continuous coverage.,true,SB-CAT-400W-116,2026-06-10T18:33:15.856Z
c_csv_136_5856,Sunburst 023-5 Sea Glass,Ocean Marine & Sky Coasts,#60819C,#A7B9C8,#3E5365,#E7ECF0,Professional coordinating Sunburst color palette featuring 023-5 Sea Glass. Backed fully by Sunburst paints warranty protocols. Formulated for continuous coverage.,true,SB-CAT-400W-117,2026-06-10T18:33:15.856Z
c_csv_137_5856,Sunburst 023-6 Sky at Night,Ocean Marine & Sky Coasts,#445569,#98A1AC,#2C3744,#E2E5E8,Professional coordinating Sunburst color palette featuring 023-6 Sky at Night. Backed fully by Sunburst paints warranty protocols. Formulated for continuous coverage.,true,SB-CAT-421C-118,2026-06-10T18:33:15.856Z
c_csv_138_5856,Sunburst 024-1 Petals of light,Ocean Marine & Sky Coasts,#E4ECEB,#F0F4F4,#949998,#FAFCFC,Professional coordinating Sunburst color palette featuring 024-1 Petals of light. Backed fully by Sunburst paints warranty protocols. Formulated for continuous coverage.,true,SB-CAT-421C-119,2026-06-10T18:33:15.856Z
c_csv_139_5856,Sunburst 024-2 Pastel Party,Ocean Marine & Sky Coasts,#CADCE6,#E1EBF1,#838F95,#F7F9FB,Professional coordinating Sunburst color palette featuring 024-2 Pastel Party. Backed fully by Sunburst paints warranty protocols. Formulated for continuous coverage.,true,SB-CAT-4221-120,2026-06-10T18:33:15.856Z
c_csv_140_5856,Sunburst 024-3 Open Sky,Ocean Marine & Sky Coasts,#B6CFDE,#D6E4EC,#768690,#F4F7FA,Professional coordinating Sunburst color palette featuring 024-3 Open Sky. Backed fully by Sunburst paints warranty protocols. Formulated for continuous coverage.,true,SB-CAT-422W-121,2026-06-10T18:33:15.856Z
c_csv_141_5856,Sunburst 024-4 Cascade Falls,Ocean Marine & Sky Coasts,#A0C2D7,#CADDE9,#687E8B,#F0F5F9,Professional coordinating Sunburst color palette featuring 024-4 Cascade Falls. Backed fully by Sunburst paints warranty protocols. Formulated for continuous coverage.,true,SB-CAT-4231-122,2026-06-10T18:33:15.856Z
c_csv_142_5856,Sunburst 024-5 Soaking Spa,Ocean Marine & Sky Coasts,#6C96B3,#AEC5D5,#466174,#E8EFF3,Professional coordinating Sunburst color palette featuring 024-5 Soaking Spa. Backed fully by Sunburst paints warranty protocols. Formulated for continuous coverage.,true,SB-CAT-423W-123,2026-06-10T18:33:15.856Z
c_csv_143_5856,Sunburst 024-6 Sky High,Ocean Marine & Sky Coasts,#3D4C60,#949CA7,#27313E,#E1E4E7,Professional coordinating Sunburst color palette featuring 024-6 Sky High. Backed fully by Sunburst paints warranty protocols. Formulated for continuous coverage.,true,SB-CAT-4231-124,2026-06-10T18:33:15.856Z
c_csv_144_5856,Sunburst 025-1 Cherub Cloud,Ocean Marine & Sky Coasts,#E0E8E7,#EDF2F1,#919696,#FAFBFB,Professional coordinating Sunburst color palette featuring 025-1 Cherub Cloud. Backed fully by Sunburst paints warranty protocols. Formulated for continuous coverage.,true,SB-CAT-5GAL-126,2026-06-10T18:33:15.856Z
c_csv_145_5856,Sunburst 025-2 Moonlit Pool,Ocean Marine & Sky Coasts,#CADBE3,#E1EBEF,#838E93,#F7F9FA,Professional coordinating Sunburst color palette featuring 025-2 Moonlit Pool. Backed fully by Sunburst paints warranty protocols. Formulated for continuous coverage.,true,SB-CAT-621-127,2026-06-10T18:33:15.856Z
c_csv_146_5856,Sunburst 025-3 Malibu Beach,Ocean Marine & Sky Coasts,#AAC8D9,#D0E0EA,#6E828D,#F2F6F9,Professional coordinating Sunburst color palette featuring 025-3 Malibu Beach. Backed fully by Sunburst paints warranty protocols. Formulated for continuous coverage.,true,SB-CAT-622-128,2026-06-10T18:33:15.856Z
c_csv_147_5856,Sunburst 025-4 Light Cornflower,Ocean Marine & Sky Coasts,#8FB0C5,#C1D3DF,#5C7280,#EEF3F6,Professional coordinating Sunburst color palette featuring 025-4 Light Cornflower. Backed fully by Sunburst paints warranty protocols. Formulated for continuous coverage.,true,SB-CAT-6225-129,2026-06-10T18:33:15.856Z
c_csv_148_5856,Sunburst 025-5 Moonlight Bay,Ocean Marine & Sky Coasts,#587F9A,#A3B8C7,#395264,#E5EBEF,Professional coordinating Sunburst color palette featuring 025-5 Moonlight Bay. Backed fully by Sunburst paints warranty protocols. Formulated for continuous coverage.,true,SB-CAT-8211-130,2026-06-10T18:33:15.856Z
c_csv_149_5856,Sunburst 025-6 Intermezzo Blue,Ocean Marine & Sky Coasts,#3F4F62,#959EA8,#28333F,#E2E4E7,Professional coordinating Sunburst color palette featuring 025-6 Intermezzo Blue. Backed fully by Sunburst paints warranty protocols. Formulated for continuous coverage.,true,SB-CAT-8215-131,2026-06-10T18:33:15.856Z
c_csv_150_5856,Sunburst 026-1 Kind of Blue,Ocean Marine & Sky Coasts,#DAE3E5,#EAEFF0,#8D9394,#F9FAFB,Professional coordinating Sunburst color palette featuring 026-1 Kind of Blue. Backed fully by Sunburst paints warranty protocols. Formulated for continuous coverage.,true,SB-CAT-8231-132,2026-06-10T18:33:15.856Z
c_csv_151_5856,Sunburst 026-2 Seattle Sky,Ocean Marine & Sky Coasts,#C7D7DE,#E0E9EC,#818B90,#F6F9FA,Professional coordinating Sunburst color palette featuring 026-2 Seattle Sky. Backed fully by Sunburst paints warranty protocols. Formulated for continuous coverage.,true,SB-CAT-8235-133,2026-06-10T18:33:15.856Z
c_csv_152_5856,Sunburst 026-3 Periwinkle Promise,Ocean Marine & Sky Coasts,#B4CCD7,#D5E2E9,#75848B,#F3F7F9,Professional coordinating Sunburst color palette featuring 026-3 Periwinkle Promise. Backed fully by Sunburst paints warranty protocols. Formulated for continuous coverage.,true,SB-CAT-900C-134,2026-06-10T18:33:15.856Z
c_csv_153_5856,Sunburst 026-4 Secrets of the Sea,Ocean Marine & Sky Coasts,#91ACBD,#C2D1DA,#5E6F7A,#EEF2F5,Professional coordinating Sunburst color palette featuring 026-4 Secrets of the Sea. Backed fully by Sunburst paints warranty protocols. Formulated for continuous coverage.,true,SB-CAT-900W-135,2026-06-10T18:33:15.856Z
c_csv_154_5856,Sunburst 026-5 Seaside Reflections,Ocean Marine & Sky Coasts,#6A889A,#ADBDC7,#445864,#E8EDEF,Professional coordinating Sunburst color palette featuring 026-5 Seaside Reflections. Backed fully by Sunburst paints warranty protocols. Formulated for continuous coverage.,true,SB-CAT-900C-136,2026-06-10T18:33:15.856Z
c_csv_155_5856,Sunburst 026-6 Smooth Indigo,Ocean Marine & Sky Coasts,#3A4552,#92989F,#252C35,#E1E3E5,Professional coordinating Sunburst color palette featuring 026-6 Smooth Indigo. Backed fully by Sunburst paints warranty protocols. Formulated for continuous coverage.,true,SB-CAT-900W-137,2026-06-10T18:33:15.856Z
c_csv_156_5856,Sunburst 027-1 Ice Palace,Ocean Marine & Sky Coasts,#E7EFEE,#F1F6F5,#969B9A,#FBFCFC,Professional coordinating Sunburst color palette featuring 027-1 Ice Palace. Backed fully by Sunburst paints warranty protocols. Formulated for continuous coverage.,true,SB-CAT-ADDC-139,2026-06-10T18:33:15.856Z
c_csv_157_5856,Sunburst 027-2 Gently Raining,Ocean Marine & Sky Coasts,#D0E5ED,#E5F0F5,#87949A,#F7FBFC,Professional coordinating Sunburst color palette featuring 027-2 Gently Raining. Backed fully by Sunburst paints warranty protocols. Formulated for continuous coverage.,true,SB-CAT-ADDC-140,2026-06-10T18:33:15.856Z
c_csv_158_5856,Sunburst 027-3 Cool Blue,Ocean Marine & Sky Coasts,#B3D6EC,#D5E8F4,#748B99,#F3F8FC,Professional coordinating Sunburst color palette featuring 027-3 Cool Blue. Backed fully by Sunburst paints warranty protocols. Formulated for continuous coverage.,true,SB-CAT-CAME-143,2026-06-10T18:33:15.856Z
c_csv_159_5856,Sunburst 027-4 Gull Lake,Ocean Marine & Sky Coasts,#87BAE0,#BDD9ED,#577891,#EDF4FA,Professional coordinating Sunburst color palette featuring 027-4 Gull Lake. Backed fully by Sunburst paints warranty protocols. Formulated for continuous coverage.,true,SB-CAT-CAME-144,2026-06-10T18:33:15.856Z
c_csv_160_5856,Sunburst 027-5 Infinite Grace,Ocean Marine & Sky Coasts,#5B9FD2,#A4CAE6,#3B6788,#E6F0F8,Professional coordinating Sunburst color palette featuring 027-5 Infinite Grace. Backed fully by Sunburst paints warranty protocols. Formulated for continuous coverage.,true,SB-CAT-FILL-160,2026-06-10T18:33:15.856Z
c_csv_161_5856,Sunburst 027-6 Cool Shadow,Ocean Marine & Sky Coasts,#335588,#8EA1BD,#213758,#E0E5ED,Professional coordinating Sunburst color palette featuring 027-6 Cool Shadow. Backed fully by Sunburst paints warranty protocols. Formulated for continuous coverage.,true,SB-CAT-FILL-161,2026-06-10T18:33:15.856Z
c_csv_162_5856,Sunburst 028-1 Gentle Breeze,Ocean Marine & Sky Coasts,#E3EDEB,#EFF5F4,#939A98,#FAFCFC,Professional coordinating Sunburst color palette featuring 028-1 Gentle Breeze. Backed fully by Sunburst paints warranty protocols. Formulated for continuous coverage.,true,SB-CAT-GALL-164,2026-06-10T18:33:15.856Z
c_csv_163_5856,Sunburst 028-2 Celestial Blue,Ocean Marine & Sky Coasts,#C7E2EB,#E0EFF4,#819298,#F6FAFC,Professional coordinating Sunburst color palette featuring 028-2 Celestial Blue. Backed fully by Sunburst paints warranty protocols. Formulated for continuous coverage.,true,SB-CAT-META-166,2026-06-10T18:33:15.856Z
c_csv_164_5856,Sunburst 028-3 Cascading Blue,Ocean Marine & Sky Coasts,#A9D4EA,#CFE7F3,#6D8998,#F2F8FB,Professional coordinating Sunburst color palette featuring 028-3 Cascading Blue. Backed fully by Sunburst paints warranty protocols. Formulated for continuous coverage.,true,SB-CAT-META-167,2026-06-10T18:33:15.856Z
c_csv_165_5856,Sunburst 028-4 Comfortable Blue,Ocean Marine & Sky Coasts,#8BC7E7,#BFE0F1,#5A8196,#EDF6FB,Professional coordinating Sunburst color palette featuring 028-4 Comfortable Blue. Backed fully by Sunburst paints warranty protocols. Formulated for continuous coverage.,true,SB-CAT-MIXM-168,2026-06-10T18:33:15.856Z
c_csv_166_5856,Sunburst 028-5 Clear Skyscape,Ocean Marine & Sky Coasts,#51A2D5,#9FCBE7,#34698A,#E4F1F8,Professional coordinating Sunburst color palette featuring 028-5 Clear Skyscape. Backed fully by Sunburst paints warranty protocols. Formulated for continuous coverage.,true,SB-CAT-MIXM-169,2026-06-10T18:33:15.856Z
c_csv_167_5856,Sunburst 028-6 By the Sea,Ocean Marine & Sky Coasts,#245B94,#86A4C4,#173B60,#DEE6EE,Professional coordinating Sunburst color palette featuring 028-6 By the Sea. Backed fully by Sunburst paints warranty protocols. Formulated for continuous coverage.,true,SB-CAT-MIXN-170,2026-06-10T18:33:15.856Z
c_csv_168_5856,Sunburst 029-1 City Lights,Ocean Marine & Sky Coasts,#E3EBEA,#EFF4F3,#939898,#FAFCFB,Professional coordinating Sunburst color palette featuring 029-1 City Lights. Backed fully by Sunburst paints warranty protocols. Formulated for continuous coverage.,true,SB-CAT-NEWZ-171,2026-06-10T18:33:15.856Z
c_csv_169_5856,Sunburst 029-2 Chambray Blue,Ocean Marine & Sky Coasts,#CDE0E6,#E3EDF1,#859195,#F7FAFB,Professional coordinating Sunburst color palette featuring 029-2 Chambray Blue. Backed fully by Sunburst paints warranty protocols. Formulated for continuous coverage.,true,SB-CAT-NEWZ-172,2026-06-10T18:33:15.856Z
c_csv_170_5856,Sunburst 029-3 Echo Bay,Ocean Marine & Sky Coasts,#AFCEDD,#D3E4EC,#71858F,#F3F7F9,Professional coordinating Sunburst color palette featuring 029-3 Echo Bay. Backed fully by Sunburst paints warranty protocols. Formulated for continuous coverage.,true,SB-CAT-OSPH-173,2026-06-10T18:33:15.856Z
c_csv_171_5856,Sunburst 029-4 Denim Day,Ocean Marine & Sky Coasts,#94B8CC,#C4D7E2,#607784,#EEF4F7,Professional coordinating Sunburst color palette featuring 029-4 Denim Day. Backed fully by Sunburst paints warranty protocols. Formulated for continuous coverage.,true,SB-CAT-PAIN-177,2026-06-10T18:33:15.856Z
c_csv_172_5856,Sunburst 029-5 Dusky Sky,Ocean Marine & Sky Coasts,#5A8AA5,#A4BECD,#3A596B,#E6EDF1,Professional coordinating Sunburst color palette featuring 029-5 Dusky Sky. Backed fully by Sunburst paints warranty protocols. Formulated for continuous coverage.,true,SB-CAT-PAIN-178,2026-06-10T18:33:15.856Z
c_csv_173_5856,Sunburst 029-6 Deep Well,Ocean Marine & Sky Coasts,#39485D,#929AA5,#252E3C,#E1E3E6,Professional coordinating Sunburst color palette featuring 029-6 Deep Well. Backed fully by Sunburst paints warranty protocols. Formulated for continuous coverage.,true,SB-CAT-PLAS-180,2026-06-10T18:33:15.856Z
c_csv_174_5856,Sunburst 030-1 First Rain,Canyon Slate & Earth Dust,#E3EDEB,#EFF5F4,#939A98,#FAFCFC,Professional coordinating Sunburst color palette featuring 030-1 First Rain. Backed fully by Sunburst paints warranty protocols. Formulated for continuous coverage.,true,SB-CAT-RED-188,2026-06-10T18:33:15.856Z
c_csv_175_5856,Sunburst 030-2 Bright Spirits,Canyon Slate & Earth Dust,#D6E7EA,#E8F1F3,#8B9698,#F8FBFB,Professional coordinating Sunburst color palette featuring 030-2 Bright Spirits. Backed fully by Sunburst paints warranty protocols. Formulated for continuous coverage.,true,SB-CAT-TEST-199,2026-06-10T18:33:15.856Z
c_csv_176_5856,Sunburst 030-3 Bristol Bay,Canyon Slate & Earth Dust,#B8D7E4,#D7E9F0,#778B94,#F4F9FA,Professional coordinating Sunburst color palette featuring 030-3 Bristol Bay. Backed fully by Sunburst paints warranty protocols. Formulated for continuous coverage.,true,SB-CAT-THIN-201,2026-06-10T18:33:15.856Z
c_csv_177_5856,Sunburst 030-4 Cerulean Sky,Canyon Slate & Earth Dust,#84B8D3,#BBD7E6,#557789,#ECF4F8,Professional coordinating Sunburst color palette featuring 030-4 Cerulean Sky. Backed fully by Sunburst paints warranty protocols. Formulated for continuous coverage.,true,SB-CAT-TOUC-202,2026-06-10T18:33:15.856Z
c_csv_178_5856,Sunburst 030-5 Brooks Bay,Canyon Slate & Earth Dust,#4088AA,#95BDD0,#29586E,#E2EDF2,Professional coordinating Sunburst color palette featuring 030-5 Brooks Bay. Backed fully by Sunburst paints warranty protocols. Formulated for continuous coverage.,true,SB-CAT-TRAF-203,2026-06-10T18:33:15.856Z
c_csv_179_5856,Sunburst 030-6 Deep Dark Shadows,Canyon Slate & Earth Dust,#35556E,#8FA1AF,#223747,#E0E5E9,Professional coordinating Sunburst color palette featuring 030-6 Deep Dark Shadows. Backed fully by Sunburst paints warranty protocols. Formulated for continuous coverage.,true,SB-CAT-TRAF-205,2026-06-10T18:33:15.856Z
c_csv_180_5856,Sunburst 031-1 Barely There,Canyon Slate & Earth Dust,#EAF1ED,#F3F7F5,#989C9A,#FBFCFC,Professional coordinating Sunburst color palette featuring 031-1 Barely There. Backed fully by Sunburst paints warranty protocols. Formulated for continuous coverage.,true,SB-CAT-TROP-206,2026-06-10T18:33:15.856Z
c_csv_181_5856,Sunburst 031-2 Twilight Twinkle,Canyon Slate & Earth Dust,#D6EBEE,#E8F4F5,#8B989A,#F8FCFC,Professional coordinating Sunburst color palette featuring 031-2 Twilight Twinkle. Backed fully by Sunburst paints warranty protocols. Formulated for continuous coverage.,true,SB-CAT-TROP-207,2026-06-10T18:33:15.856Z
c_csv_182_5856,Sunburst 031-3 Bonnie Belle,Canyon Slate & Earth Dust,#AADCED,#D0EBF5,#6E8F9A,#F2F9FC,Professional coordinating Sunburst color palette featuring 031-3 Bonnie Belle. Backed fully by Sunburst paints warranty protocols. Formulated for continuous coverage.,true,SB-CAT-UB5G-208,2026-06-10T18:33:15.856Z
c_csv_183_5856,Sunburst 031-4 Bright Seascape,Canyon Slate & Earth Dust,#57B6E1,#A2D6EE,#387692,#E5F4FA,Professional coordinating Sunburst color palette featuring 031-4 Bright Seascape. Backed fully by Sunburst paints warranty protocols. Formulated for continuous coverage.,true,SB-CAT-UBTA-209,2026-06-10T18:33:15.856Z
c_csv_184_5856,Sunburst 031-5 Blue Cadet,Canyon Slate & Earth Dust,#0091C8,#72C2E0,#005E82,#D8EEF6,Professional coordinating Sunburst color palette featuring 031-5 Blue Cadet. Backed fully by Sunburst paints warranty protocols. Formulated for continuous coverage.,true,SB-CAT-UBTA-210,2026-06-10T18:33:15.856Z
c_csv_185_5856,Sunburst 031-6 Boy Scout Blue,Canyon Slate & Earth Dust,#235584,#86A1BB,#163755,#DEE5EC,Professional coordinating Sunburst color palette featuring 031-6 Boy Scout Blue. Backed fully by Sunburst paints warranty protocols. Formulated for continuous coverage.,true,SB-CAT-ZEAL-216,2026-06-10T18:33:15.856Z
c_csv_186_5856,Sunburst 032-1 Alpine Crest,Canyon Slate & Earth Dust,#DAEBEC,#EAF4F4,#8D9899,#F9FCFC,Professional coordinating Sunburst color palette featuring 032-1 Alpine Crest. Backed fully by Sunburst paints warranty protocols. Formulated for continuous coverage.,true,SB-CAT-2000-101,2026-06-10T18:33:15.856Z
c_csv_187_5856,Sunburst 032-2 Beautiful Day,Canyon Slate & Earth Dust,#C8E4E9,#E0F0F2,#829497,#F6FAFB,Professional coordinating Sunburst color palette featuring 032-2 Beautiful Day. Backed fully by Sunburst paints warranty protocols. Formulated for continuous coverage.,true,SB-CAT-2000-102,2026-06-10T18:33:15.856Z
c_csv_188_5856,Sunburst 032-3 Bikini Bay,Canyon Slate & Earth Dust,#A2D6E7,#CBE8F1,#698B96,#F1F8FB,Professional coordinating Sunburst color palette featuring 032-3 Bikini Bay. Backed fully by Sunburst paints warranty protocols. Formulated for continuous coverage.,true,SB-CAT-2000-103,2026-06-10T18:33:15.856Z
c_csv_189_5856,Sunburst 032-4 Brave Blue,Canyon Slate & Earth Dust,#7FC6E0,#B8DFED,#528091,#EBF6FA,Professional coordinating Sunburst color palette featuring 032-4 Brave Blue. Backed fully by Sunburst paints warranty protocols. Formulated for continuous coverage.,true,SB-CAT-3001-105,2026-06-10T18:33:15.856Z
c_csv_190_5856,Sunburst 032-5 Birch Lake,Canyon Slate & Earth Dust,#47A4C5,#99CCDF,#2E6A80,#E3F1F6,Professional coordinating Sunburst color palette featuring 032-5 Birch Lake. Backed fully by Sunburst paints warranty protocols. Formulated for continuous coverage.,true,SB-CAT-3211-106,2026-06-10T18:33:15.856Z
c_csv_191_5856,Sunburst 032-6 Summer by the Sea,Canyon Slate & Earth Dust,#265F7D,#87A7B7,#183D51,#DEE7EB,Professional coordinating Sunburst color palette featuring 032-6 Summer by the Sea. Backed fully by Sunburst paints warranty protocols. Formulated for continuous coverage.,true,SB-CAT-3215-107,2026-06-10T18:33:15.856Z
c_csv_192_5856,Sunburst 033-1 Aurora Mist,Canyon Slate & Earth Dust,#DBE6E6,#EBF1F1,#8E9595,#F9FBFB,Professional coordinating Sunburst color palette featuring 033-1 Aurora Mist. Backed fully by Sunburst paints warranty protocols. Formulated for continuous coverage.,true,SB-CAT-3221-108,2026-06-10T18:33:15.856Z
c_csv_193_5856,Sunburst 033-2 Calming Thoughts,Canyon Slate & Earth Dust,#B9D4DD,#D8E7EC,#78898F,#F4F8F9,Professional coordinating Sunburst color palette featuring 033-2 Calming Thoughts. Backed fully by Sunburst paints warranty protocols. Formulated for continuous coverage.,true,SB-CAT-3225-109,2026-06-10T18:33:15.856Z
c_csv_194_5856,Sunburst 033-3 Dawn's Light,Canyon Slate & Earth Dust,#A3C7D5,#CCE0E7,#69818A,#F1F6F8,Professional coordinating Sunburst color palette featuring 033-3 Dawn's Light. Backed fully by Sunburst paints warranty protocols. Formulated for continuous coverage.,true,SB-CAT-3PCP-111,2026-06-10T18:33:15.856Z
c_csv_195_5856,Sunburst 033-4 Country Breeze,Canyon Slate & Earth Dust,#96C0D0,#C5DCE5,#617C87,#EFF5F7,Professional coordinating Sunburst color palette featuring 033-4 Country Breeze. Backed fully by Sunburst paints warranty protocols. Formulated for continuous coverage.,true,SB-CAT-400C-114,2026-06-10T18:33:15.856Z
c_csv_196_5856,Sunburst 033-5 Cripple Creek,Canyon Slate & Earth Dust,#638FA4,#A9C1CC,#405C6A,#E7EEF1,Professional coordinating Sunburst color palette featuring 033-5 Cripple Creek. Backed fully by Sunburst paints warranty protocols. Formulated for continuous coverage.,true,SB-CAT-400C-115,2026-06-10T18:33:15.856Z
c_csv_197_5856,Sunburst 033-6 Deep Lake,Canyon Slate & Earth Dust,#34485A,#8F9AA4,#212E3A,#E0E3E6,Professional coordinating Sunburst color palette featuring 033-6 Deep Lake. Backed fully by Sunburst paints warranty protocols. Formulated for continuous coverage.,true,SB-CAT-400W-116,2026-06-10T18:33:15.856Z
c_csv_198_5856,Sunburst 034-1 Cloudless Sky,Canyon Slate & Earth Dust,#DAECEC,#EAF4F4,#8D9999,#F9FCFC,Professional coordinating Sunburst color palette featuring 034-1 Cloudless Sky. Backed fully by Sunburst paints warranty protocols. Formulated for continuous coverage.,true,SB-CAT-400W-117,2026-06-10T18:33:15.856Z
c_csv_199_5856,Sunburst 034-2 Bountiful Bay,Canyon Slate & Earth Dust,#BDE2EB,#DAEFF4,#7A9298,#F5FAFC,Professional coordinating Sunburst color palette featuring 034-2 Bountiful Bay. Backed fully by Sunburst paints warranty protocols. Formulated for continuous coverage.,true,SB-CAT-421C-118,2026-06-10T18:33:15.856Z
c_csv_200_5856,Sunburst 034-3 Celestial Sky,Canyon Slate & Earth Dust,#9CD5E6,#C8E7F1,#658A95,#F0F8FB,Professional coordinating Sunburst color palette featuring 034-3 Celestial Sky. Backed fully by Sunburst paints warranty protocols. Formulated for continuous coverage.,true,SB-CAT-421C-119,2026-06-10T18:33:15.856Z
c_csv_201_5856,Sunburst 034-4 Brisk Bay,Canyon Slate & Earth Dust,#6CBBD8,#AED9E9,#46798C,#E8F4F9,Professional coordinating Sunburst color palette featuring 034-4 Brisk Bay. Backed fully by Sunburst paints warranty protocols. Formulated for continuous coverage.,true,SB-CAT-4221-120,2026-06-10T18:33:15.856Z
c_csv_202_5856,Sunburst 034-5 Ocean Allegra,Canyon Slate & Earth Dust,#3DA6C7,#94CEE0,#276B81,#E1F1F6,Professional coordinating Sunburst color palette featuring 034-5 Ocean Allegra. Backed fully by Sunburst paints warranty protocols. Formulated for continuous coverage.,true,SB-CAT-422W-121,2026-06-10T18:33:15.856Z
c_csv_203_5856,Sunburst 034-6 Azuresque,Canyon Slate & Earth Dust,#096383,#77A9BA,#054055,#DAE7EC,Professional coordinating Sunburst color palette featuring 034-6 Azuresque. Backed fully by Sunburst paints warranty protocols. Formulated for continuous coverage.,true,SB-CAT-4231-122,2026-06-10T18:33:15.856Z
c_csv_204_5856,Sunburst 035-1 Tender Grey,Canyon Slate & Earth Dust,#DEE7E5,#ECF1F0,#909694,#FAFBFB,Professional coordinating Sunburst color palette featuring 035-1 Tender Grey. Backed fully by Sunburst paints warranty protocols. Formulated for continuous coverage.,true,SB-CAT-423W-123,2026-06-10T18:33:15.856Z
c_csv_205_5856,Sunburst 035-2 Springfed Stream,Canyon Slate & Earth Dust,#C9DADB,#E1EAEB,#828D8E,#F6F9F9,Professional coordinating Sunburst color palette featuring 035-2 Springfed Stream. Backed fully by Sunburst paints warranty protocols. Formulated for continuous coverage.,true,SB-CAT-4231-124,2026-06-10T18:33:15.856Z
c_csv_206_5856,Sunburst 035-3 Urban Stone,Canyon Slate & Earth Dust,#B7D0D5,#D7E5E7,#76878A,#F4F7F8,Professional coordinating Sunburst color palette featuring 035-3 Urban Stone. Backed fully by Sunburst paints warranty protocols. Formulated for continuous coverage.,true,SB-CAT-5GAL-126,2026-06-10T18:33:15.856Z
c_csv_207_5856,Sunburst 035-4 Bluff Creek,Canyon Slate & Earth Dust,#7798A2,#B4C6CB,#4D6269,#EAEFF1,Professional coordinating Sunburst color palette featuring 035-4 Bluff Creek. Backed fully by Sunburst paints warranty protocols. Formulated for continuous coverage.,true,SB-CAT-621-127,2026-06-10T18:33:15.856Z
c_csv_208_5856,Sunburst 035-5 Bridgeview,Canyon Slate & Earth Dust,#56757F,#A2B3B8,#374C52,#E5EAEB,Professional coordinating Sunburst color palette featuring 035-5 Bridgeview. Backed fully by Sunburst paints warranty protocols. Formulated for continuous coverage.,true,SB-CAT-622-128,2026-06-10T18:33:15.856Z
c_csv_209_5856,Sunburst 035-6 Wolf Creek,Canyon Slate & Earth Dust,#404A4F,#959B9E,#293033,#E2E3E4,Professional coordinating Sunburst color palette featuring 035-6 Wolf Creek. Backed fully by Sunburst paints warranty protocols. Formulated for continuous coverage.,true,SB-CAT-6225-129,2026-06-10T18:33:15.856Z
c_csv_210_5856,Sunburst 036-1 Victoria Glacier,Canyon Slate & Earth Dust,#D1E4E6,#E5F0F1,#879495,#F8FAFB,Professional coordinating Sunburst color palette featuring 036-1 Victoria Glacier. Backed fully by Sunburst paints warranty protocols. Formulated for continuous coverage.,true,SB-CAT-8211-130,2026-06-10T18:33:15.856Z
c_csv_211_5856,Sunburst 036-2 Tear Drop,Canyon Slate & Earth Dust,#C1DCE2,#DCEBEF,#7D8F92,#F5F9FA,Professional coordinating Sunburst color palette featuring 036-2 Tear Drop. Backed fully by Sunburst paints warranty protocols. Formulated for continuous coverage.,true,SB-CAT-8215-131,2026-06-10T18:33:15.856Z
c_csv_212_5856,Sunburst 036-3 Smooth Blue,Canyon Slate & Earth Dust,#ABCFDB,#D0E4EB,#6F868E,#F2F7F9,Professional coordinating Sunburst color palette featuring 036-3 Smooth Blue. Backed fully by Sunburst paints warranty protocols. Formulated for continuous coverage.,true,SB-CAT-8231-132,2026-06-10T18:33:15.856Z
c_csv_213_5856,Sunburst 036-4 Romantic Blue,Canyon Slate & Earth Dust,#7DADC0,#B7D1DC,#51707C,#EBF2F5,Professional coordinating Sunburst color palette featuring 036-4 Romantic Blue. Backed fully by Sunburst paints warranty protocols. Formulated for continuous coverage.,true,SB-CAT-8235-133,2026-06-10T18:33:15.856Z
c_csv_214_5856,Sunburst 036-5 Cool Breeze,Canyon Slate & Earth Dust,#5990A5,#A3C1CD,#395D6B,#E6EEF1,Professional coordinating Sunburst color palette featuring 036-5 Cool Breeze. Backed fully by Sunburst paints warranty protocols. Formulated for continuous coverage.,true,SB-CAT-900C-134,2026-06-10T18:33:15.856Z
c_csv_215_5856,Sunburst 036-6 The Dark Side,Canyon Slate & Earth Dust,#334F60,#8E9EA7,#21333E,#E0E4E7,Professional coordinating Sunburst color palette featuring 036-6 The Dark Side. Backed fully by Sunburst paints warranty protocols. Formulated for continuous coverage.,true,SB-CAT-900W-135,2026-06-10T18:33:15.856Z
c_csv_216_5856,Sunburst 037-1 A Gentle Place,Canyon Slate & Earth Dust,#D6E4E5,#E8F0F0,#8B9494,#F8FAFB,Professional coordinating Sunburst color palette featuring 037-1 A Gentle Place. Backed fully by Sunburst paints warranty protocols. Formulated for continuous coverage.,true,SB-CAT-900C-136,2026-06-10T18:33:15.856Z
c_csv_217_5856,Sunburst 037-2 Solferino Lake,Canyon Slate & Earth Dust,#BDD7DB,#DAE9EB,#7A8B8E,#F5F9F9,Professional coordinating Sunburst color palette featuring 037-2 Solferino Lake. Backed fully by Sunburst paints warranty protocols. Formulated for continuous coverage.,true,SB-CAT-900W-137,2026-06-10T18:33:15.856Z
c_csv_218_5856,Sunburst 037-3 Barry's Bay,Canyon Slate & Earth Dust,#9DC2CC,#C9DDE2,#667E84,#F0F5F7,Professional coordinating Sunburst color palette featuring 037-3 Barry's Bay. Backed fully by Sunburst paints warranty protocols. Formulated for continuous coverage.,true,SB-CAT-ADDC-139,2026-06-10T18:33:15.856Z
c_csv_219_5856,Sunburst 037-4 Siberian Sea,Canyon Slate & Earth Dust,#8FB2BE,#C1D4DB,#5C737B,#EEF3F5,Professional coordinating Sunburst color palette featuring 037-4 Siberian Sea. Backed fully by Sunburst paints warranty protocols. Formulated for continuous coverage.,true,SB-CAT-ADDC-140,2026-06-10T18:33:15.856Z
c_csv_220_5856,Sunburst 037-5 Sea Waves,Canyon Slate & Earth Dust,#618996,#A8BEC5,#3F5961,#E7EDEF,Professional coordinating Sunburst color palette featuring 037-5 Sea Waves. Backed fully by Sunburst paints warranty protocols. Formulated for continuous coverage.,true,SB-CAT-CAME-143,2026-06-10T18:33:15.856Z
c_csv_221_5856,Sunburst 037-6 Lockness,Canyon Slate & Earth Dust,#40515A,#959FA4,#29343A,#E2E4E6,Professional coordinating Sunburst color palette featuring 037-6 Lockness. Backed fully by Sunburst paints warranty protocols. Formulated for continuous coverage.,true,SB-CAT-CAME-144,2026-06-10T18:33:15.856Z
c_csv_222_5856,Sunburst 038-1 Soft Spun Cloud,Canyon Slate & Earth Dust,#EAEEE9,#F3F5F2,#989A97,#FBFCFB,Professional coordinating Sunburst color palette featuring 038-1 Soft Spun Cloud. Backed fully by Sunburst paints warranty protocols. Formulated for continuous coverage.,true,SB-CAT-FILL-160,2026-06-10T18:33:15.856Z
c_csv_223_5856,Sunburst 038-2 Soft Light,Canyon Slate & Earth Dust,#D5E5E4,#E7F0F0,#8A9494,#F8FBFA,Professional coordinating Sunburst color palette featuring 038-2 Soft Light. Backed fully by Sunburst paints warranty protocols. Formulated for continuous coverage.,true,SB-CAT-FILL-161,2026-06-10T18:33:15.856Z
c_csv_224_5856,Sunburst 038-3 Silver Blue,Canyon Slate & Earth Dust,#B8D5D9,#D7E7EA,#778A8D,#F4F8F9,Professional coordinating Sunburst color palette featuring 038-3 Silver Blue. Backed fully by Sunburst paints warranty protocols. Formulated for continuous coverage.,true,SB-CAT-GALL-164,2026-06-10T18:33:15.856Z
c_csv_225_5856,Sunburst 038-4 Lake of Swans,Canyon Slate & Earth Dust,#A0C6CE,#CADFE4,#688085,#F0F6F7,Professional coordinating Sunburst color palette featuring 038-4 Lake of Swans. Backed fully by Sunburst paints warranty protocols. Formulated for continuous coverage.,true,SB-CAT-META-166,2026-06-10T18:33:15.856Z
c_csv_226_5856,Sunburst 038-5 Medicine River,Canyon Slate & Earth Dust,#6F9DA9,#AFC9CF,#48666D,#E9F0F2,Professional coordinating Sunburst color palette featuring 038-5 Medicine River. Backed fully by Sunburst paints warranty protocols. Formulated for continuous coverage.,true,SB-CAT-META-167,2026-06-10T18:33:15.856Z
c_csv_227_5856,Sunburst 038-6 Evening in Venice,Canyon Slate & Earth Dust,#405D64,#95A5A9,#293C41,#E2E6E7,Professional coordinating Sunburst color palette featuring 038-6 Evening in Venice. Backed fully by Sunburst paints warranty protocols. Formulated for continuous coverage.,true,SB-CAT-MIXM-168,2026-06-10T18:33:15.856Z
c_csv_228_5856,Sunburst 039-1 Star Crest,Canyon Slate & Earth Dust,#E7EEE9,#F1F5F2,#969A97,#FBFCFB,Professional coordinating Sunburst color palette featuring 039-1 Star Crest. Backed fully by Sunburst paints warranty protocols. Formulated for continuous coverage.,true,SB-CAT-MIXM-169,2026-06-10T18:33:15.856Z
c_csv_229_5856,Sunburst 039-2 Soothing Slumber,Canyon Slate & Earth Dust,#D0E5E4,#E5F0F0,#879494,#F7FBFA,Professional coordinating Sunburst color palette featuring 039-2 Soothing Slumber. Backed fully by Sunburst paints warranty protocols. Formulated for continuous coverage.,true,SB-CAT-MIXN-170,2026-06-10T18:33:15.856Z
c_csv_230_5856,Sunburst 039-3 Aqua Glass,Canyon Slate & Earth Dust,#BDDCDD,#DAEBEC,#7A8F8F,#F5F9F9,Professional coordinating Sunburst color palette featuring 039-3 Aqua Glass. Backed fully by Sunburst paints warranty protocols. Formulated for continuous coverage.,true,SB-CAT-NEWZ-171,2026-06-10T18:33:15.856Z
c_csv_231_5856,Sunburst 039-4 Katarina,Canyon Slate & Earth Dust,#90BDC5,#C1DADF,#5D7A80,#EEF5F6,Professional coordinating Sunburst color palette featuring 039-4 Katarina. Backed fully by Sunburst paints warranty protocols. Formulated for continuous coverage.,true,SB-CAT-NEWZ-172,2026-06-10T18:33:15.856Z
c_csv_232_5856,Sunburst 039-5 Geri's lake,Canyon Slate & Earth Dust,#689FA8,#ABCACF,#43676D,#E8F0F1,Professional coordinating Sunburst color palette featuring 039-5 Geri's lake. Backed fully by Sunburst paints warranty protocols. Formulated for continuous coverage.,true,SB-CAT-OSPH-173,2026-06-10T18:33:15.856Z
c_csv_233_5856,Sunburst 039-6 Fraser Fir,Canyon Slate & Earth Dust,#3D5F65,#94A7AA,#273D41,#E1E7E7,Professional coordinating Sunburst color palette featuring 039-6 Fraser Fir. Backed fully by Sunburst paints warranty protocols. Formulated for continuous coverage.,true,SB-CAT-PAIN-177,2026-06-10T18:33:15.856Z
c_csv_234_5856,Sunburst 040-1 Little Precious,Canyon Slate & Earth Dust,#D2E9E9,#E6F2F2,#889797,#F8FBFB,Professional coordinating Sunburst color palette featuring 040-1 Little Precious. Backed fully by Sunburst paints warranty protocols. Formulated for continuous coverage.,true,SB-CAT-PAIN-178,2026-06-10T18:33:15.856Z
c_csv_235_5856,Sunburst 040-2 Sapphire Mist,Canyon Slate & Earth Dust,#BFE4E6,#DBF0F1,#7C9495,#F5FAFB,Professional coordinating Sunburst color palette featuring 040-2 Sapphire Mist. Backed fully by Sunburst paints warranty protocols. Formulated for continuous coverage.,true,SB-CAT-PLAS-180,2026-06-10T18:33:15.856Z
c_csv_236_5856,Sunburst 040-3 Seaside Vista,Canyon Slate & Earth Dust,#A6DAE1,#CEEAEE,#6B8D92,#F1F9FA,Professional coordinating Sunburst color palette featuring 040-3 Seaside Vista. Backed fully by Sunburst paints warranty protocols. Formulated for continuous coverage.,true,SB-CAT-RED-188,2026-06-10T18:33:15.856Z
c_csv_237_5856,Sunburst 040-4 It's Clear to See,Canyon Slate & Earth Dust,#8BD1DD,#BFE5EC,#5A878F,#EDF8F9,Professional coordinating Sunburst color palette featuring 040-4 It's Clear to See. Backed fully by Sunburst paints warranty protocols. Formulated for continuous coverage.,true,SB-CAT-TEST-199,2026-06-10T18:33:15.856Z
c_csv_238_5856,Sunburst 040-5 Iroquois Falls,Canyon Slate & Earth Dust,#4FB0C3,#9ED3DE,#33727E,#E4F3F6,Professional coordinating Sunburst color palette featuring 040-5 Iroquois Falls. Backed fully by Sunburst paints warranty protocols. Formulated for continuous coverage.,true,SB-CAT-THIN-201,2026-06-10T18:33:15.856Z
c_csv_239_5856,Sunburst 040-6 Deep Sea Depths,Canyon Slate & Earth Dust,#335867,#8EA3AB,#213942,#E0E5E8,Professional coordinating Sunburst color palette featuring 040-6 Deep Sea Depths. Backed fully by Sunburst paints warranty protocols. Formulated for continuous coverage.,true,SB-CAT-TOUC-202,2026-06-10T18:33:15.856Z
c_csv_240_5856,Sunburst 041-1 Steller Light,Canyon Slate & Earth Dust,#E2F0EA,#EFF6F3,#929C98,#FAFCFB,Professional coordinating Sunburst color palette featuring 041-1 Steller Light. Backed fully by Sunburst paints warranty protocols. Formulated for continuous coverage.,true,SB-CAT-TRAF-203,2026-06-10T18:33:15.856Z
c_csv_241_5856,Sunburst 041-2 Real Rain Drop,Canyon Slate & Earth Dust,#C9E9E8,#E1F2F2,#829796,#F6FBFB,Professional coordinating Sunburst color palette featuring 041-2 Real Rain Drop. Backed fully by Sunburst paints warranty protocols. Formulated for continuous coverage.,true,SB-CAT-TRAF-205,2026-06-10T18:33:15.856Z
c_csv_242_5856,Sunburst 041-3 Heavenly Angels,Canyon Slate & Earth Dust,#9EDEE1,#C9ECEE,#669092,#F0FAFA,Professional coordinating Sunburst color palette featuring 041-3 Heavenly Angels. Backed fully by Sunburst paints warranty protocols. Formulated for continuous coverage.,true,SB-CAT-TROP-206,2026-06-10T18:33:15.856Z
c_csv_243_5856,Sunburst 041-4 Dolphine Bay,Canyon Slate & Earth Dust,#6DCAD2,#AEE1E6,#468388,#E9F7F8,Professional coordinating Sunburst color palette featuring 041-4 Dolphine Bay. Backed fully by Sunburst paints warranty protocols. Formulated for continuous coverage.,true,SB-CAT-TROP-207,2026-06-10T18:33:15.856Z
c_csv_244_5856,Sunburst 041-5 Island Magic,Canyon Slate & Earth Dust,#2CB3BF,#8AD5DB,#1C747C,#DFF3F5,Professional coordinating Sunburst color palette featuring 041-5 Island Magic. Backed fully by Sunburst paints warranty protocols. Formulated for continuous coverage.,true,SB-CAT-UB5G-208,2026-06-10T18:33:15.856Z
c_csv_245_5856,Sunburst 041-6 Dulce,Canyon Slate & Earth Dust,#009CA9,#72C8CF,#00656D,#D8F0F2,Professional coordinating Sunburst color palette featuring 041-6 Dulce. Backed fully by Sunburst paints warranty protocols. Formulated for continuous coverage.,true,SB-CAT-UBTA-209,2026-06-10T18:33:15.856Z
c_csv_246_5856,Sunburst 042-1 Gentle Waterfall,Canyon Slate & Earth Dust,#D6ECE7,#E8F4F1,#8B9996,#F8FCFB,Professional coordinating Sunburst color palette featuring 042-1 Gentle Waterfall. Backed fully by Sunburst paints warranty protocols. Formulated for continuous coverage.,true,SB-CAT-UBTA-210,2026-06-10T18:33:15.856Z
c_csv_247_5856,Sunburst 042-2 Watery Blue,Canyon Slate & Earth Dust,#C8E8E5,#E0F2F0,#829694,#F6FBFB,Professional coordinating Sunburst color palette featuring 042-2 Watery Blue. Backed fully by Sunburst paints warranty protocols. Formulated for continuous coverage.,true,SB-CAT-ZEAL-216,2026-06-10T18:33:15.856Z
c_csv_248_5856,Sunburst 042-3 Surf's Up,Canyon Slate & Earth Dust,#AADCDD,#D0EBEC,#6E8F8F,#F2F9F9,Professional coordinating Sunburst color palette featuring 042-3 Surf's Up. Backed fully by Sunburst paints warranty protocols. Formulated for continuous coverage.,true,SB-CAT-2000-101,2026-06-10T18:33:15.856Z
c_csv_249_5856,Sunburst 042-4 Tropical Waters,Canyon Slate & Earth Dust,#7CC1C7,#B6DCE0,#507D81,#EBF5F6,Professional coordinating Sunburst color palette featuring 042-4 Tropical Waters. Backed fully by Sunburst paints warranty protocols. Formulated for continuous coverage.,true,SB-CAT-2000-102,2026-06-10T18:33:15.856Z
c_csv_250_5856,Sunburst 042-5 Turquiose Tear Drops,Canyon Slate & Earth Dust,#56ABB2,#A2D0D4,#376F73,#E5F2F3,Professional coordinating Sunburst color palette featuring 042-5 Turquiose Tear Drops. Backed fully by Sunburst paints warranty protocols. Formulated for continuous coverage.,true,SB-CAT-2000-103,2026-06-10T18:33:15.856Z
c_csv_251_5856,Sunburst 042-6 Sweet Water,Canyon Slate & Earth Dust,#276065,#88A7AA,#193E41,#DEE7E7,Professional coordinating Sunburst color palette featuring 042-6 Sweet Water. Backed fully by Sunburst paints warranty protocols. Formulated for continuous coverage.,true,SB-CAT-3001-105,2026-06-10T18:33:15.856Z
c_csv_252_5856,Sunburst 043-1 Just Barely,Canyon Slate & Earth Dust,#D0EBE7,#E5F4F1,#879896,#F7FCFB,Professional coordinating Sunburst color palette featuring 043-1 Just Barely. Backed fully by Sunburst paints warranty protocols. Formulated for continuous coverage.,true,SB-CAT-3211-106,2026-06-10T18:33:15.856Z
c_csv_253_5856,Sunburst 043-2 Iced Aqua,Canyon Slate & Earth Dust,#C1E6E4,#DCF1F0,#7D9594,#F5FBFA,Professional coordinating Sunburst color palette featuring 043-2 Iced Aqua. Backed fully by Sunburst paints warranty protocols. Formulated for continuous coverage.,true,SB-CAT-3215-107,2026-06-10T18:33:15.856Z
c_csv_254_5856,Sunburst 043-3 Cool Tradewinds,Canyon Slate & Earth Dust,#8ED3D4,#C0E6E7,#5C8989,#EEF8F8,Professional coordinating Sunburst color palette featuring 043-3 Cool Tradewinds. Backed fully by Sunburst paints warranty protocols. Formulated for continuous coverage.,true,SB-CAT-3221-108,2026-06-10T18:33:15.856Z
c_csv_255_5856,Sunburst 043-4 Endless Summer,Canyon Slate & Earth Dust,#4EADB1,#9DD1D4,#327073,#E4F2F3,Professional coordinating Sunburst color palette featuring 043-4 Endless Summer. Backed fully by Sunburst paints warranty protocols. Formulated for continuous coverage.,true,SB-CAT-3225-109,2026-06-10T18:33:15.856Z
c_csv_256_5856,Sunburst 043-5 Escape the Everyday,Canyon Slate & Earth Dust,#2A9497,#89C4C5,#1B6062,#DFEEEF,Professional coordinating Sunburst color palette featuring 043-5 Escape the Everyday. Backed fully by Sunburst paints warranty protocols. Formulated for continuous coverage.,true,SB-CAT-3PCP-111,2026-06-10T18:33:15.856Z
c_csv_257_5856,Sunburst 043-6 Emerald Bay,Canyon Slate & Earth Dust,#156A6D,#7EADAE,#0D4446,#DBE8E9,Professional coordinating Sunburst color palette featuring 043-6 Emerald Bay. Backed fully by Sunburst paints warranty protocols. Formulated for continuous coverage.,true,SB-CAT-400C-114,2026-06-10T18:33:15.856Z
c_csv_258_5856,Sunburst 044-1 Muted Melody,Canyon Slate & Earth Dust,#E0EBE6,#EDF4F1,#919895,#FAFCFB,Professional coordinating Sunburst color palette featuring 044-1 Muted Melody. Backed fully by Sunburst paints warranty protocols. Formulated for continuous coverage.,true,SB-CAT-400C-115,2026-06-10T18:33:15.856Z
c_csv_259_5856,Sunburst 044-2 Faraway Clouds,Canyon Slate & Earth Dust,#D4E4E1,#E7F0EE,#899492,#F8FAFA,Professional coordinating Sunburst color palette featuring 044-2 Faraway Clouds. Backed fully by Sunburst paints warranty protocols. Formulated for continuous coverage.,true,SB-CAT-400W-116,2026-06-10T18:33:15.856Z
c_csv_260_5856,Sunburst 044-3 South Bay,Canyon Slate & Earth Dust,#B8D4D2,#D7E7E6,#778988,#F4F8F8,Professional coordinating Sunburst color palette featuring 044-3 South Bay. Backed fully by Sunburst paints warranty protocols. Formulated for continuous coverage.,true,SB-CAT-400W-117,2026-06-10T18:33:15.856Z
c_csv_261_5856,Sunburst 044-4 Ocean View,Canyon Slate & Earth Dust,#95B5B8,#C4D6D7,#607577,#EFF3F4,Professional coordinating Sunburst color palette featuring 044-4 Ocean View. Backed fully by Sunburst paints warranty protocols. Formulated for continuous coverage.,true,SB-CAT-421C-118,2026-06-10T18:33:15.856Z
c_csv_262_5856,Sunburst 044-5 Dusty Teal Haze,Canyon Slate & Earth Dust,#587E80,#A3B8B9,#395153,#E5EBEB,Professional coordinating Sunburst color palette featuring 044-5 Dusty Teal Haze. Backed fully by Sunburst paints warranty protocols. Formulated for continuous coverage.,true,SB-CAT-421C-119,2026-06-10T18:33:15.856Z
c_csv_263_5856,Sunburst 044-6 Poseidon's Deep,Canyon Slate & Earth Dust,#445C5C,#98A5A5,#2C3B3B,#E2E6E6,Professional coordinating Sunburst color palette featuring 044-6 Poseidon's Deep. Backed fully by Sunburst paints warranty protocols. Formulated for continuous coverage.,true,SB-CAT-4221-120,2026-06-10T18:33:15.856Z
c_csv_264_5856,Sunburst 045-1 Moonlight Serenade,Canyon Slate & Earth Dust,#E4EAE4,#F0F3F0,#949894,#FAFBFA,Professional coordinating Sunburst color palette featuring 045-1 Moonlight Serenade. Backed fully by Sunburst paints warranty protocols. Formulated for continuous coverage.,true,SB-CAT-422W-121,2026-06-10T18:33:15.856Z
c_csv_265_5856,Sunburst 045-2 Schooner Bay,Canyon Slate & Earth Dust,#CBE0DA,#E2EDEA,#83918D,#F7FAF9,Professional coordinating Sunburst color palette featuring 045-2 Schooner Bay. Backed fully by Sunburst paints warranty protocols. Formulated for continuous coverage.,true,SB-CAT-4231-122,2026-06-10T18:33:15.856Z
c_csv_266_5857,Sunburst 045-3 Shower of Spring,Canyon Slate & Earth Dust,#B5D3CE,#D6E6E4,#758985,#F3F8F7,Professional coordinating Sunburst color palette featuring 045-3 Shower of Spring. Backed fully by Sunburst paints warranty protocols. Formulated for continuous coverage.,true,SB-CAT-423W-123,2026-06-10T18:33:15.857Z
c_csv_267_5857,Sunburst 045-4 Seashore Dream,Canyon Slate & Earth Dust,#A0C5C1,#CADFDC,#68807D,#F0F6F5,Professional coordinating Sunburst color palette featuring 045-4 Seashore Dream. Backed fully by Sunburst paints warranty protocols. Formulated for continuous coverage.,true,SB-CAT-4231-124,2026-06-10T18:33:15.857Z
c_csv_268_5857,Sunburst 045-5 Shell Creek,Canyon Slate & Earth Dust,#729797,#B1C5C5,#4A6262,#E9EFEF,Professional coordinating Sunburst color palette featuring 045-5 Shell Creek. Backed fully by Sunburst paints warranty protocols. Formulated for continuous coverage.,true,SB-CAT-5GAL-126,2026-06-10T18:33:15.857Z
c_csv_269_5857,Sunburst 045-6 Provence Port,Canyon Slate & Earth Dust,#355051,#8F9E9F,#223434,#E0E4E4,Professional coordinating Sunburst color palette featuring 045-6 Provence Port. Backed fully by Sunburst paints warranty protocols. Formulated for continuous coverage.,true,SB-CAT-621-127,2026-06-10T18:33:15.857Z
c_csv_270_5857,Sunburst 046-1 Gentle Hush,Canyon Slate & Earth Dust,#E4EDE6,#F0F5F1,#949A95,#FAFCFB,Professional coordinating Sunburst color palette featuring 046-1 Gentle Hush. Backed fully by Sunburst paints warranty protocols. Formulated for continuous coverage.,true,SB-CAT-622-128,2026-06-10T18:33:15.857Z
c_csv_271_5857,Sunburst 046-2 Fresh as Spring,Canyon Slate & Earth Dust,#DBECE4,#EBF4F0,#8E9994,#F9FCFA,Professional coordinating Sunburst color palette featuring 046-2 Fresh as Spring. Backed fully by Sunburst paints warranty protocols. Formulated for continuous coverage.,true,SB-CAT-6225-129,2026-06-10T18:33:15.857Z
c_csv_272_5857,Sunburst 046-3 Misty Teal,Canyon Slate & Earth Dust,#BDDFD9,#DAEDEA,#7A908D,#F5FAF9,Professional coordinating Sunburst color palette featuring 046-3 Misty Teal. Backed fully by Sunburst paints warranty protocols. Formulated for continuous coverage.,true,SB-CAT-8211-130,2026-06-10T18:33:15.857Z
c_csv_273_5857,Sunburst 046-4 Your's Always,Canyon Slate & Earth Dust,#94C5C2,#C4DFDD,#60807E,#EEF6F5,Professional coordinating Sunburst color palette featuring 046-4 Your's Always. Backed fully by Sunburst paints warranty protocols. Formulated for continuous coverage.,true,SB-CAT-8215-131,2026-06-10T18:33:15.857Z
c_csv_274_5857,Sunburst 046-5 Wide Horizon's,Canyon Slate & Earth Dust,#64A19D,#A9CBC9,#416866,#E7F0F0,Professional coordinating Sunburst color palette featuring 046-5 Wide Horizon's. Backed fully by Sunburst paints warranty protocols. Formulated for continuous coverage.,true,SB-CAT-8231-132,2026-06-10T18:33:15.857Z
c_csv_275_5857,Sunburst 046-6 Undersea Garden,Canyon Slate & Earth Dust,#2C5D5F,#8AA5A7,#1C3C3D,#DFE6E7,Professional coordinating Sunburst color palette featuring 046-6 Undersea Garden. Backed fully by Sunburst paints warranty protocols. Formulated for continuous coverage.,true,SB-CAT-8235-133,2026-06-10T18:33:15.857Z
c_csv_276_5857,Sunburst 047-1 Touch of Green,Canyon Slate & Earth Dust,#DDEEE6,#ECF5F1,#8F9A95,#F9FCFB,Professional coordinating Sunburst color palette featuring 047-1 Touch of Green. Backed fully by Sunburst paints warranty protocols. Formulated for continuous coverage.,true,SB-CAT-900C-134,2026-06-10T18:33:15.857Z
c_csv_277_5857,Sunburst 047-2 Secret Dream,Canyon Slate & Earth Dust,#CFE7E9,#E4F1F2,#869697,#F7FBFB,Professional coordinating Sunburst color palette featuring 047-2 Secret Dream. Backed fully by Sunburst paints warranty protocols. Formulated for continuous coverage.,true,SB-CAT-900W-135,2026-06-10T18:33:15.857Z
c_csv_278_5857,Sunburst 047-3 Green Flight,Canyon Slate & Earth Dust,#BEE0D8,#DBEDE9,#7B918C,#F5FAF9,Professional coordinating Sunburst color palette featuring 047-3 Green Flight. Backed fully by Sunburst paints warranty protocols. Formulated for continuous coverage.,true,SB-CAT-900C-136,2026-06-10T18:33:15.857Z
c_csv_279_5857,Sunburst 047-4 The Meadowlands,Canyon Slate & Earth Dust,#8FBFB9,#C1DBD8,#5C7C78,#EEF5F4,Professional coordinating Sunburst color palette featuring 047-4 The Meadowlands. Backed fully by Sunburst paints warranty protocols. Formulated for continuous coverage.,true,SB-CAT-900W-137,2026-06-10T18:33:15.857Z
c_csv_280_5857,Sunburst 047-5 Green Hills,Canyon Slate & Earth Dust,#70A9A3,#B0CFCC,#486D69,#E9F2F1,Professional coordinating Sunburst color palette featuring 047-5 Green Hills. Backed fully by Sunburst paints warranty protocols. Formulated for continuous coverage.,true,SB-CAT-ADDC-139,2026-06-10T18:33:15.857Z
c_csv_281_5857,Sunburst 047-6 Mercedes,Canyon Slate & Earth Dust,#385C58,#91A5A3,#243B39,#E1E6E5,Professional coordinating Sunburst color palette featuring 047-6 Mercedes. Backed fully by Sunburst paints warranty protocols. Formulated for continuous coverage.,true,SB-CAT-ADDC-140,2026-06-10T18:33:15.857Z
c_csv_282_5857,Sunburst 048-1 On Cloud Nine,Canyon Slate & Earth Dust,#E1F3EB,#EEF8F4,#929D98,#FAFDFC,Professional coordinating Sunburst color palette featuring 048-1 On Cloud Nine. Backed fully by Sunburst paints warranty protocols. Formulated for continuous coverage.,true,SB-CAT-CAME-143,2026-06-10T18:33:15.857Z
c_csv_283_5857,Sunburst 048-2 Nuance,Canyon Slate & Earth Dust,#C3EDE2,#DEF5EF,#7E9A92,#F6FCFA,Professional coordinating Sunburst color palette featuring 048-2 Nuance. Backed fully by Sunburst paints warranty protocols. Formulated for continuous coverage.,true,SB-CAT-CAME-144,2026-06-10T18:33:15.857Z
c_csv_284_5857,Sunburst 048-3 Morning Delight,Canyon Slate & Earth Dust,#A1E5D8,#CBF0E9,#68948C,#F0FBF9,Professional coordinating Sunburst color palette featuring 048-3 Morning Delight. Backed fully by Sunburst paints warranty protocols. Formulated for continuous coverage.,true,SB-CAT-FILL-160,2026-06-10T18:33:15.857Z
c_csv_285_5857,Sunburst 048-4 Crystalyn,Canyon Slate & Earth Dust,#84DDCE,#BBECE4,#558F85,#ECF9F7,Professional coordinating Sunburst color palette featuring 048-4 Crystalyn. Backed fully by Sunburst paints warranty protocols. Formulated for continuous coverage.,true,SB-CAT-FILL-161,2026-06-10T18:33:15.857Z
c_csv_286_5857,Sunburst 048-5 Pacific Panorama,Canyon Slate & Earth Dust,#37C5B0,#91DFD3,#238072,#E1F6F3,Professional coordinating Sunburst color palette featuring 048-5 Pacific Panorama. Backed fully by Sunburst paints warranty protocols. Formulated for continuous coverage.,true,SB-CAT-GALL-164,2026-06-10T18:33:15.857Z
c_csv_287_5857,Sunburst 048-6 Jolt of Spring,Canyon Slate & Earth Dust,#008B74,#72BFB2,#005A4B,#D8EDEA,Professional coordinating Sunburst color palette featuring 048-6 Jolt of Spring. Backed fully by Sunburst paints warranty protocols. Formulated for continuous coverage.,true,SB-CAT-META-166,2026-06-10T18:33:15.857Z
c_csv_288_5857,Sunburst 049-1 Frosted Windowpane,Canyon Slate & Earth Dust,#DEF2E9,#ECF7F2,#909D97,#FAFDFB,Professional coordinating Sunburst color palette featuring 049-1 Frosted Windowpane. Backed fully by Sunburst paints warranty protocols. Formulated for continuous coverage.,true,SB-CAT-META-167,2026-06-10T18:33:15.857Z
c_csv_289_5857,Sunburst 049-2 Emerald Ice,Canyon Slate & Earth Dust,#C2EADF,#DDF3ED,#7E9890,#F5FBFA,Professional coordinating Sunburst color palette featuring 049-2 Emerald Ice. Backed fully by Sunburst paints warranty protocols. Formulated for continuous coverage.,true,SB-CAT-MIXM-168,2026-06-10T18:33:15.857Z
c_csv_290_5857,Sunburst 049-3 Placid Pond,Canyon Slate & Earth Dust,#ACE2D7,#D1EFE9,#6F928B,#F2FAF9,Professional coordinating Sunburst color palette featuring 049-3 Placid Pond. Backed fully by Sunburst paints warranty protocols. Formulated for continuous coverage.,true,SB-CAT-MIXM-169,2026-06-10T18:33:15.857Z
c_csv_291_5857,Sunburst 049-4 Taffeta Shine,Canyon Slate & Earth Dust,#83CDC0,#BAE3DC,#55857C,#ECF7F5,Professional coordinating Sunburst color palette featuring 049-4 Taffeta Shine. Backed fully by Sunburst paints warranty protocols. Formulated for continuous coverage.,true,SB-CAT-MIXN-170,2026-06-10T18:33:15.857Z
c_csv_292_5857,Sunburst 049-5 Fantasy Faire,Canyon Slate & Earth Dust,#34A08D,#8FCAC0,#21685B,#E0F0ED,Professional coordinating Sunburst color palette featuring 049-5 Fantasy Faire. Backed fully by Sunburst paints warranty protocols. Formulated for continuous coverage.,true,SB-CAT-NEWZ-171,2026-06-10T18:33:15.857Z
c_csv_293_5857,Sunburst 049-6 Emeraude,Canyon Slate & Earth Dust,#287062,#88B0A8,#1A483F,#DEE9E7,Professional coordinating Sunburst color palette featuring 049-6 Emeraude. Backed fully by Sunburst paints warranty protocols. Formulated for continuous coverage.,true,SB-CAT-NEWZ-172,2026-06-10T18:33:15.857Z
c_csv_294_5857,Sunburst 050-1 Everlasting Light,Deep Botanical Forest,#E3EFE2,#EFF6EF,#939B92,#FAFCFA,Professional coordinating Sunburst color palette featuring 050-1 Everlasting Light. Backed fully by Sunburst paints warranty protocols. Formulated for continuous coverage.,true,SB-CAT-OSPH-173,2026-06-10T18:33:15.857Z
c_csv_295_5857,Sunburst 050-2 Spirit Aqua,Deep Botanical Forest,#C8EADC,#E0F3EB,#82988F,#F6FBF9,Professional coordinating Sunburst color palette featuring 050-2 Spirit Aqua. Backed fully by Sunburst paints warranty protocols. Formulated for continuous coverage.,true,SB-CAT-PAIN-177,2026-06-10T18:33:15.857Z
c_csv_296_5857,Sunburst 050-3 Zesty Foam,Deep Botanical Forest,#ADE5D4,#D1F0E7,#709489,#F2FBF8,Professional coordinating Sunburst color palette featuring 050-3 Zesty Foam. Backed fully by Sunburst paints warranty protocols. Formulated for continuous coverage.,true,SB-CAT-PAIN-178,2026-06-10T18:33:15.857Z
c_csv_297_5857,Sunburst 050-4 Enticing as Spring,Deep Botanical Forest,#8EDAC5,#C0EADF,#5C8D80,#EEF9F6,Professional coordinating Sunburst color palette featuring 050-4 Enticing as Spring. Backed fully by Sunburst paints warranty protocols. Formulated for continuous coverage.,true,SB-CAT-PLAS-180,2026-06-10T18:33:15.857Z
c_csv_298_5857,Sunburst 050-5 Emerald City,Deep Botanical Forest,#65C0A9,#AADCCF,#417C6D,#E7F5F2,Professional coordinating Sunburst color palette featuring 050-5 Emerald City. Backed fully by Sunburst paints warranty protocols. Formulated for continuous coverage.,true,SB-CAT-RED-188,2026-06-10T18:33:15.857Z
c_csv_299_5857,Sunburst 050-6 Patrick's Pride,Deep Botanical Forest,#26775E,#87B4A6,#184D3D,#DEEAE6,Professional coordinating Sunburst color palette featuring 050-6 Patrick's Pride. Backed fully by Sunburst paints warranty protocols. Formulated for continuous coverage.,true,SB-CAT-TEST-199,2026-06-10T18:33:15.857Z
c_csv_300_5857,Sunburst 051-1 A touch of Teal,Deep Botanical Forest,#DCEBE0,#EBF4ED,#8F9891,#F9FCFA,Professional coordinating Sunburst color palette featuring 051-1 A touch of Teal. Backed fully by Sunburst paints warranty protocols. Formulated for continuous coverage.,true,SB-CAT-THIN-201,2026-06-10T18:33:15.857Z
c_csv_301_5857,Sunburst 051-2 Adanna Aire,Deep Botanical Forest,#D4E8DB,#E7F2EB,#89968E,#F8FBF9,Professional coordinating Sunburst color palette featuring 051-2 Adanna Aire. Backed fully by Sunburst paints warranty protocols. Formulated for continuous coverage.,true,SB-CAT-TOUC-202,2026-06-10T18:33:15.857Z
c_csv_302_5857,Sunburst 051-3 Understated,Deep Botanical Forest,#B7DCCA,#D7EBE1,#768F83,#F4F9F7,Professional coordinating Sunburst color palette featuring 051-3 Understated. Backed fully by Sunburst paints warranty protocols. Formulated for continuous coverage.,true,SB-CAT-TRAF-203,2026-06-10T18:33:15.857Z
c_csv_303_5857,Sunburst 051-4 Valentina Valley,Deep Botanical Forest,#A3CFBD,#CCE4DA,#69867A,#F1F7F5,Professional coordinating Sunburst color palette featuring 051-4 Valentina Valley. Backed fully by Sunburst paints warranty protocols. Formulated for continuous coverage.,true,SB-CAT-TRAF-205,2026-06-10T18:33:15.857Z
c_csv_304_5857,Sunburst 051-5 Berkshire,Deep Botanical Forest,#588872,#A3BDB1,#39584A,#E5EDE9,Professional coordinating Sunburst color palette featuring 051-5 Berkshire. Backed fully by Sunburst paints warranty protocols. Formulated for continuous coverage.,true,SB-CAT-TROP-206,2026-06-10T18:33:15.857Z
c_csv_305_5857,Sunburst 051-6 Vineyard Garden,Deep Botanical Forest,#3F6056,#95A7A2,#283E37,#E2E7E5,Professional coordinating Sunburst color palette featuring 051-6 Vineyard Garden. Backed fully by Sunburst paints warranty protocols. Formulated for continuous coverage.,true,SB-CAT-TROP-207,2026-06-10T18:33:15.857Z
c_csv_306_5857,Sunburst 052-1 Soft Glow,Deep Botanical Forest,#E5F0E6,#F0F6F1,#949C95,#FBFCFB,Professional coordinating Sunburst color palette featuring 052-1 Soft Glow. Backed fully by Sunburst paints warranty protocols. Formulated for continuous coverage.,true,SB-CAT-UB5G-208,2026-06-10T18:33:15.857Z
c_csv_307_5857,Sunburst 052-2 Another Day,Deep Botanical Forest,#D4EDE0,#E7F5ED,#899A91,#F8FCFA,Professional coordinating Sunburst color palette featuring 052-2 Another Day. Backed fully by Sunburst paints warranty protocols. Formulated for continuous coverage.,true,SB-CAT-UBTA-209,2026-06-10T18:33:15.857Z
c_csv_308_5857,Sunburst 052-3 April Love,Deep Botanical Forest,#B2E9D3,#D4F2E6,#739789,#F3FBF8,Professional coordinating Sunburst color palette featuring 052-3 April Love. Backed fully by Sunburst paints warranty protocols. Formulated for continuous coverage.,true,SB-CAT-UBTA-210,2026-06-10T18:33:15.857Z
c_csv_309_5857,Sunburst 052-4 Best of Spring,Deep Botanical Forest,#99E2C6,#C6EFDF,#639280,#EFFAF6,Professional coordinating Sunburst color palette featuring 052-4 Best of Spring. Backed fully by Sunburst paints warranty protocols. Formulated for continuous coverage.,true,SB-CAT-ZEAL-216,2026-06-10T18:33:15.857Z
c_csv_310_5857,Sunburst 052-5 Sheer Poetry,Deep Botanical Forest,#60C29B,#A7DDC8,#3E7E64,#E7F5F0,Professional coordinating Sunburst color palette featuring 052-5 Sheer Poetry. Backed fully by Sunburst paints warranty protocols. Formulated for continuous coverage.,true,SB-CAT-2000-101,2026-06-10T18:33:15.857Z
c_csv_311_5857,Sunburst 052-6 Shades of Summer,Deep Botanical Forest,#028E59,#73C0A3,#015C39,#D9EEE6,Professional coordinating Sunburst color palette featuring 052-6 Shades of Summer. Backed fully by Sunburst paints warranty protocols. Formulated for continuous coverage.,true,SB-CAT-2000-102,2026-06-10T18:33:15.857Z
c_csv_312_5857,Sunburst 053-1 Slight Light,Deep Botanical Forest,#E0F0E5,#EDF6F0,#919C94,#FAFCFB,Professional coordinating Sunburst color palette featuring 053-1 Slight Light. Backed fully by Sunburst paints warranty protocols. Formulated for continuous coverage.,true,SB-CAT-2000-103,2026-06-10T18:33:15.857Z
c_csv_313_5857,Sunburst 053-2 Spring Fresh,Deep Botanical Forest,#D8EDE0,#E9F5ED,#8C9A91,#F9FCFA,Professional coordinating Sunburst color palette featuring 053-2 Spring Fresh. Backed fully by Sunburst paints warranty protocols. Formulated for continuous coverage.,true,SB-CAT-3001-105,2026-06-10T18:33:15.857Z
c_csv_314_5857,Sunburst 053-3 Spring Charm,Deep Botanical Forest,#BFE1D2,#DBEEE6,#7C9288,#F5FAF8,Professional coordinating Sunburst color palette featuring 053-3 Spring Charm. Backed fully by Sunburst paints warranty protocols. Formulated for continuous coverage.,true,SB-CAT-3211-106,2026-06-10T18:33:15.857Z
c_csv_315_5857,Sunburst 053-4 Botanical Beauty,Deep Botanical Forest,#9CC7B5,#C8E0D6,#658175,#F0F6F3,Professional coordinating Sunburst color palette featuring 053-4 Botanical Beauty. Backed fully by Sunburst paints warranty protocols. Formulated for continuous coverage.,true,SB-CAT-3215-107,2026-06-10T18:33:15.857Z
c_csv_316_5857,Sunburst 053-5 All is Well,Deep Botanical Forest,#78AC97,#B4D1C5,#4E6F62,#EAF2EF,Professional coordinating Sunburst color palette featuring 053-5 All is Well. Backed fully by Sunburst paints warranty protocols. Formulated for continuous coverage.,true,SB-CAT-3221-108,2026-06-10T18:33:15.857Z
c_csv_317_5857,Sunburst 053-6 Alpine Lodge,Deep Botanical Forest,#305D4D,#8DA59D,#1F3C32,#DFE6E4,Professional coordinating Sunburst color palette featuring 053-6 Alpine Lodge. Backed fully by Sunburst paints warranty protocols. Formulated for continuous coverage.,true,SB-CAT-3225-109,2026-06-10T18:33:15.857Z
c_csv_318_5857,Sunburst 054-1 Spring Inspiration,Deep Botanical Forest,#E0EFE2,#EDF6EF,#919B92,#FAFCFA,Professional coordinating Sunburst color palette featuring 054-1 Spring Inspiration. Backed fully by Sunburst paints warranty protocols. Formulated for continuous coverage.,true,SB-CAT-3PCP-111,2026-06-10T18:33:15.857Z
c_csv_319_5857,Sunburst 054-2 A Gentle Time,Deep Botanical Forest,#D5E9DA,#E7F2EA,#8A978D,#F8FBF9,Professional coordinating Sunburst color palette featuring 054-2 A Gentle Time. Backed fully by Sunburst paints warranty protocols. Formulated for continuous coverage.,true,SB-CAT-400C-114,2026-06-10T18:33:15.857Z
c_csv_320_5857,Sunburst 054-3 Sutherland,Deep Botanical Forest,#C4E0CE,#DEEDE4,#7F9185,#F6FAF7,Professional coordinating Sunburst color palette featuring 054-3 Sutherland. Backed fully by Sunburst paints warranty protocols. Formulated for continuous coverage.,true,SB-CAT-400C-115,2026-06-10T18:33:15.857Z
c_csv_321_5857,Sunburst 054-4 Botanical Print,Deep Botanical Forest,#ACD2BC,#D1E6DA,#6F887A,#F2F8F4,Professional coordinating Sunburst color palette featuring 054-4 Botanical Print. Backed fully by Sunburst paints warranty protocols. Formulated for continuous coverage.,true,SB-CAT-400W-116,2026-06-10T18:33:15.857Z
c_csv_322_5857,Sunburst 054-5 Wood Lane,Deep Botanical Forest,#77A38A,#B4CCBE,#4D6959,#EAF1ED,Professional coordinating Sunburst color palette featuring 054-5 Wood Lane. Backed fully by Sunburst paints warranty protocols. Formulated for continuous coverage.,true,SB-CAT-400W-117,2026-06-10T18:33:15.857Z
c_csv_323_5857,Sunburst 054-6 Blade of Grass,Deep Botanical Forest,#416E4F,#96AF9E,#2A4733,#E2E9E4,Professional coordinating Sunburst color palette featuring 054-6 Blade of Grass. Backed fully by Sunburst paints warranty protocols. Formulated for continuous coverage.,true,SB-CAT-421C-118,2026-06-10T18:33:15.857Z
c_csv_324_5857,Sunburst 055-1 Mayfaire,Deep Botanical Forest,#E1F2E7,#EEF7F1,#929D96,#FAFDFB,Professional coordinating Sunburst color palette featuring 055-1 Mayfaire. Backed fully by Sunburst paints warranty protocols. Formulated for continuous coverage.,true,SB-CAT-421C-119,2026-06-10T18:33:15.857Z
c_csv_325_5857,Sunburst 055-2 Lazy Summer Day,Deep Botanical Forest,#CEEFDD,#E4F6EC,#859B8F,#F7FCF9,Professional coordinating Sunburst color palette featuring 055-2 Lazy Summer Day. Backed fully by Sunburst paints warranty protocols. Formulated for continuous coverage.,true,SB-CAT-4221-120,2026-06-10T18:33:15.857Z
c_csv_326_5857,Sunburst 055-3 Spring Innocence,Deep Botanical Forest,#B5E9D1,#D6F2E5,#759787,#F3FBF8,Professional coordinating Sunburst color palette featuring 055-3 Spring Innocence. Backed fully by Sunburst paints warranty protocols. Formulated for continuous coverage.,true,SB-CAT-422W-121,2026-06-10T18:33:15.857Z
c_csv_327_5857,Sunburst 055-4 Summer Splash,Deep Botanical Forest,#9FE3C3,#CAEFDE,#67937E,#F0FAF6,Professional coordinating Sunburst color palette featuring 055-4 Summer Splash. Backed fully by Sunburst paints warranty protocols. Formulated for continuous coverage.,true,SB-CAT-4231-122,2026-06-10T18:33:15.857Z
c_csv_328_5857,Sunburst 055-5 Frappe Mint,Deep Botanical Forest,#66C497,#AADEC5,#427F62,#E8F6EF,Professional coordinating Sunburst color palette featuring 055-5 Frappe Mint. Backed fully by Sunburst paints warranty protocols. Formulated for continuous coverage.,true,SB-CAT-423W-123,2026-06-10T18:33:15.857Z
c_csv_329_5857,Sunburst 055-6 Kiss of Spring,Deep Botanical Forest,#1D8D54,#82C0A0,#125B36,#DDEDE5,Professional coordinating Sunburst color palette featuring 055-6 Kiss of Spring. Backed fully by Sunburst paints warranty protocols. Formulated for continuous coverage.,true,SB-CAT-4231-124,2026-06-10T18:33:15.857Z
c_csv_330_5857,Sunburst 056-1 Spring Day,Deep Botanical Forest,#DFF2E4,#EDF7F0,#909D94,#FAFDFA,Professional coordinating Sunburst color palette featuring 056-1 Spring Day. Backed fully by Sunburst paints warranty protocols. Formulated for continuous coverage.,true,SB-CAT-5GAL-126,2026-06-10T18:33:15.857Z
c_csv_331_5857,Sunburst 056-2 Lazy Acres,Deep Botanical Forest,#C5E9D5,#DFF2E7,#80978A,#F6FBF8,Professional coordinating Sunburst color palette featuring 056-2 Lazy Acres. Backed fully by Sunburst paints warranty protocols. Formulated for continuous coverage.,true,SB-CAT-621-127,2026-06-10T18:33:15.857Z
c_csv_332_5857,Sunburst 056-3 Perfect Interlude,Deep Botanical Forest,#B5E5CC,#D6F0E2,#759484,#F3FBF7,Professional coordinating Sunburst color palette featuring 056-3 Perfect Interlude. Backed fully by Sunburst paints warranty protocols. Formulated for continuous coverage.,true,SB-CAT-622-128,2026-06-10T18:33:15.857Z
c_csv_333_5857,Sunburst 056-4 Shimmering Celedon,Deep Botanical Forest,#92CEAE,#C3E4D2,#5E8571,#EEF7F2,Professional coordinating Sunburst color palette featuring 056-4 Shimmering Celedon. Backed fully by Sunburst paints warranty protocols. Formulated for continuous coverage.,true,SB-CAT-6225-129,2026-06-10T18:33:15.857Z
c_csv_334_5857,Sunburst 056-5 Park Play,Deep Botanical Forest,#6EB890,#AFD7C1,#47775D,#E9F4EE,Professional coordinating Sunburst color palette featuring 056-5 Park Play. Backed fully by Sunburst paints warranty protocols. Formulated for continuous coverage.,true,SB-CAT-8211-130,2026-06-10T18:33:15.857Z
c_csv_335_5857,Sunburst 056-6 Bailey Green,Deep Botanical Forest,#2F7852,#8CB49F,#1E4E35,#DFEAE5,Professional coordinating Sunburst color palette featuring 056-6 Bailey Green. Backed fully by Sunburst paints warranty protocols. Formulated for continuous coverage.,true,SB-CAT-8215-131,2026-06-10T18:33:15.857Z
c_csv_336_5857,Sunburst 057-1 Laurinda,Deep Botanical Forest,#E3F0E2,#EFF6EF,#939C92,#FAFCFA,Professional coordinating Sunburst color palette featuring 057-1 Laurinda. Backed fully by Sunburst paints warranty protocols. Formulated for continuous coverage.,true,SB-CAT-8231-132,2026-06-10T18:33:15.857Z
c_csv_337_5857,Sunburst 057-2 Moonlight Melody,Deep Botanical Forest,#D5EDDA,#E7F5EA,#8A9A8D,#F8FCF9,Professional coordinating Sunburst color palette featuring 057-2 Moonlight Melody. Backed fully by Sunburst paints warranty protocols. Formulated for continuous coverage.,true,SB-CAT-8235-133,2026-06-10T18:33:15.857Z
c_csv_338_5857,Sunburst 057-3 Pastel Potpourri,Deep Botanical Forest,#B6E2C6,#D6EFDF,#769280,#F4FAF6,Professional coordinating Sunburst color palette featuring 057-3 Pastel Potpourri. Backed fully by Sunburst paints warranty protocols. Formulated for continuous coverage.,true,SB-CAT-900C-134,2026-06-10T18:33:15.857Z
c_csv_339_5857,Sunburst 057-4 Pastel Piccadilly,Deep Botanical Forest,#A3DCBA,#CCEBD9,#698F78,#F1F9F4,Professional coordinating Sunburst color palette featuring 057-4 Pastel Piccadilly. Backed fully by Sunburst paints warranty protocols. Formulated for continuous coverage.,true,SB-CAT-900W-135,2026-06-10T18:33:15.857Z
c_csv_340_5857,Sunburst 057-5 New World,Deep Botanical Forest,#78B98B,#B4D8BF,#4E785A,#EAF4ED,Professional coordinating Sunburst color palette featuring 057-5 New World. Backed fully by Sunburst paints warranty protocols. Formulated for continuous coverage.,true,SB-CAT-900C-136,2026-06-10T18:33:15.857Z
c_csv_341_5857,Sunburst 057-6 Shamrock Shores,Deep Botanical Forest,#447E4D,#98B89D,#2C5132,#E2EBE4,Professional coordinating Sunburst color palette featuring 057-6 Shamrock Shores. Backed fully by Sunburst paints warranty protocols. Formulated for continuous coverage.,true,SB-CAT-900W-137,2026-06-10T18:33:15.857Z
c_csv_342_5857,Sunburst 058-1 Karina,Deep Botanical Forest,#E8F3E6,#F2F8F1,#969D95,#FBFDFB,Professional coordinating Sunburst color palette featuring 058-1 Karina. Backed fully by Sunburst paints warranty protocols. Formulated for continuous coverage.,true,SB-CAT-ADDC-139,2026-06-10T18:33:15.857Z
c_csv_343_5857,Sunburst 058-2 Kingkaid,Deep Botanical Forest,#D6EFDA,#E8F6EA,#8B9B8D,#F8FCF9,Professional coordinating Sunburst color palette featuring 058-2 Kingkaid. Backed fully by Sunburst paints warranty protocols. Formulated for continuous coverage.,true,SB-CAT-ADDC-140,2026-06-10T18:33:15.857Z
c_csv_344_5857,Sunburst 058-3 Palo Verde,Deep Botanical Forest,#BEE8CB,#DBF2E2,#7B9683,#F5FBF7,Professional coordinating Sunburst color palette featuring 058-3 Palo Verde. Backed fully by Sunburst paints warranty protocols. Formulated for continuous coverage.,true,SB-CAT-CAME-143,2026-06-10T18:33:15.857Z
c_csv_345_5857,Sunburst 058-4 New Growth Green,Deep Botanical Forest,#ACE1BC,#D1EEDA,#6F927A,#F2FAF4,Professional coordinating Sunburst color palette featuring 058-4 New Growth Green. Backed fully by Sunburst paints warranty protocols. Formulated for continuous coverage.,true,SB-CAT-CAME-144,2026-06-10T18:33:15.857Z
c_csv_346_5857,Sunburst 058-5 Sassy Spring,Deep Botanical Forest,#77C68F,#B4DFC1,#4D805C,#EAF6EE,Professional coordinating Sunburst color palette featuring 058-5 Sassy Spring. Backed fully by Sunburst paints warranty protocols. Formulated for continuous coverage.,true,SB-CAT-FILL-160,2026-06-10T18:33:15.857Z
c_csv_347_5857,Sunburst 058-6 Par Three,Deep Botanical Forest,#35914B,#8FC29C,#225E30,#E0EEE4,Professional coordinating Sunburst color palette featuring 058-6 Par Three. Backed fully by Sunburst paints warranty protocols. Formulated for continuous coverage.,true,SB-CAT-FILL-161,2026-06-10T18:33:15.857Z
c_csv_348_5857,Sunburst 059-1 Green Ghost,Deep Botanical Forest,#E3EDDF,#EFF5ED,#939A90,#FAFCFA,Professional coordinating Sunburst color palette featuring 059-1 Green Ghost. Backed fully by Sunburst paints warranty protocols. Formulated for continuous coverage.,true,SB-CAT-GALL-164,2026-06-10T18:33:15.857Z
c_csv_349_5857,Sunburst 059-2 Pale Leaf,Deep Botanical Forest,#D8E7D7,#E9F1E9,#8C968B,#F9FBF9,Professional coordinating Sunburst color palette featuring 059-2 Pale Leaf. Backed fully by Sunburst paints warranty protocols. Formulated for continuous coverage.,true,SB-CAT-META-166,2026-06-10T18:33:15.857Z
c_csv_350_5857,Sunburst 059-3 Pistachio Pudding,Deep Botanical Forest,#CCDFCA,#E2EDE1,#849083,#F7FAF7,Professional coordinating Sunburst color palette featuring 059-3 Pistachio Pudding. Backed fully by Sunburst paints warranty protocols. Formulated for continuous coverage.,true,SB-CAT-META-167,2026-06-10T18:33:15.857Z
c_csv_351_5857,Sunburst 059-4 Oak Savanna,Deep Botanical Forest,#B5D1B8,#D6E5D7,#758777,#F3F8F4,Professional coordinating Sunburst color palette featuring 059-4 Oak Savanna. Backed fully by Sunburst paints warranty protocols. Formulated for continuous coverage.,true,SB-CAT-MIXM-168,2026-06-10T18:33:15.857Z
c_csv_352_5857,Sunburst 059-5 Sea Grass,Deep Botanical Forest,#87A68C,#BDCEBF,#576B5B,#EDF1ED,Professional coordinating Sunburst color palette featuring 059-5 Sea Grass. Backed fully by Sunburst paints warranty protocols. Formulated for continuous coverage.,true,SB-CAT-MIXM-169,2026-06-10T18:33:15.857Z
c_csv_353_5857,Sunburst 059-6 Primeval Forest,Deep Botanical Forest,#5A6E52,#A4AF9F,#3A4735,#E6E9E5,Professional coordinating Sunburst color palette featuring 059-6 Primeval Forest. Backed fully by Sunburst paints warranty protocols. Formulated for continuous coverage.,true,SB-CAT-MIXN-170,2026-06-10T18:33:15.857Z
c_csv_354_5857,Sunburst 060-1 Great White,Deep Botanical Forest,#DDEADA,#ECF3EA,#8F988D,#F9FBF9,Professional coordinating Sunburst color palette featuring 060-1 Great White. Backed fully by Sunburst paints warranty protocols. Formulated for continuous coverage.,true,SB-CAT-NEWZ-171,2026-06-10T18:33:15.857Z
c_csv_355_5857,Sunburst 060-2 Forestville,Deep Botanical Forest,#CBE0C5,#E2EDDF,#839180,#F7FAF6,Professional coordinating Sunburst color palette featuring 060-2 Forestville. Backed fully by Sunburst paints warranty protocols. Formulated for continuous coverage.,true,SB-CAT-NEWZ-172,2026-06-10T18:33:15.857Z
c_csv_356_5857,Sunburst 060-3 Isle of Youth,Deep Botanical Forest,#B6D0B3,#D6E5D5,#768774,#F4F7F3,Professional coordinating Sunburst color palette featuring 060-3 Isle of Youth. Backed fully by Sunburst paints warranty protocols. Formulated for continuous coverage.,true,SB-CAT-OSPH-173,2026-06-10T18:33:15.857Z
c_csv_357_5857,Sunburst 060-4 Jade Jest,Deep Botanical Forest,#A6BEA1,#CEDBCB,#6B7B68,#F1F5F0,Professional coordinating Sunburst color palette featuring 060-4 Jade Jest. Backed fully by Sunburst paints warranty protocols. Formulated for continuous coverage.,true,SB-CAT-PAIN-177,2026-06-10T18:33:15.857Z
c_csv_358_5857,Sunburst 060-5 Prairie View,Deep Botanical Forest,#83A07C,#BACAB6,#556850,#ECF0EB,Professional coordinating Sunburst color palette featuring 060-5 Prairie View. Backed fully by Sunburst paints warranty protocols. Formulated for continuous coverage.,true,SB-CAT-PAIN-178,2026-06-10T18:33:15.857Z
c_csv_359_5857,Sunburst 060-6 Peas in a Pod,Deep Botanical Forest,#5D704E,#A5B09D,#3C4832,#E6E9E4,Professional coordinating Sunburst color palette featuring 060-6 Peas in a Pod. Backed fully by Sunburst paints warranty protocols. Formulated for continuous coverage.,true,SB-CAT-PLAS-180,2026-06-10T18:33:15.857Z
c_csv_360_5857,Sunburst 061-1 Country Spring,Deep Botanical Forest,#E3EEDF,#EFF5ED,#939A90,#FAFCFA,Professional coordinating Sunburst color palette featuring 061-1 Country Spring. Backed fully by Sunburst paints warranty protocols. Formulated for continuous coverage.,true,SB-CAT-RED-188,2026-06-10T18:33:15.857Z
c_csv_361_5857,Sunburst 061-2 Dashing Dana,Deep Botanical Forest,#DAEAD8,#EAF3E9,#8D988C,#F9FBF9,Professional coordinating Sunburst color palette featuring 061-2 Dashing Dana. Backed fully by Sunburst paints warranty protocols. Formulated for continuous coverage.,true,SB-CAT-TEST-199,2026-06-10T18:33:15.857Z
c_csv_362_5857,Sunburst 061-3 Elegant Impression,Deep Botanical Forest,#CEE5CD,#E4F0E3,#859485,#F7FBF7,Professional coordinating Sunburst color palette featuring 061-3 Elegant Impression. Backed fully by Sunburst paints warranty protocols. Formulated for continuous coverage.,true,SB-CAT-THIN-201,2026-06-10T18:33:15.857Z
c_csv_363_5857,Sunburst 061-4 Garden View,Deep Botanical Forest,#B3D5B3,#D5E7D5,#748A74,#F3F8F3,Professional coordinating Sunburst color palette featuring 061-4 Garden View. Backed fully by Sunburst paints warranty protocols. Formulated for continuous coverage.,true,SB-CAT-TOUC-202,2026-06-10T18:33:15.857Z
c_csv_364_5857,Sunburst 061-5 Into the Garden,Deep Botanical Forest,#87AC84,#BDD1BB,#576F55,#EDF2EC,Professional coordinating Sunburst color palette featuring 061-5 Into the Garden. Backed fully by Sunburst paints warranty protocols. Formulated for continuous coverage.,true,SB-CAT-TRAF-203,2026-06-10T18:33:15.857Z
c_csv_365_5857,Sunburst 061-6 St.Francis Heights,Deep Botanical Forest,#617F52,#A8B89F,#3F5235,#E7EBE5,Professional coordinating Sunburst color palette featuring 061-6 St.Francis Heights. Backed fully by Sunburst paints warranty protocols. Formulated for continuous coverage.,true,SB-CAT-TRAF-205,2026-06-10T18:33:15.857Z
c_csv_366_5857,Sunburst 062-1 Corrine,Deep Botanical Forest,#EDF2E3,#F5F7EF,#9A9D93,#FCFDFA,Professional coordinating Sunburst color palette featuring 062-1 Corrine. Backed fully by Sunburst paints warranty protocols. Formulated for continuous coverage.,true,SB-CAT-TROP-206,2026-06-10T18:33:15.857Z
c_csv_367_5857,Sunburst 062-2 Early Spring,Deep Botanical Forest,#DDEDD5,#ECF5E7,#8F9A8A,#F9FCF8,Professional coordinating Sunburst color palette featuring 062-2 Early Spring. Backed fully by Sunburst paints warranty protocols. Formulated for continuous coverage.,true,SB-CAT-TROP-207,2026-06-10T18:33:15.857Z
c_csv_368_5857,Sunburst 062-3 Evesham Vale,Deep Botanical Forest,#C9E5C3,#E1F0DE,#82947E,#F6FBF6,Professional coordinating Sunburst color palette featuring 062-3 Evesham Vale. Backed fully by Sunburst paints warranty protocols. Formulated for continuous coverage.,true,SB-CAT-UB5G-208,2026-06-10T18:33:15.857Z
c_csv_369_5857,Sunburst 062-4 Garden Pathway,Deep Botanical Forest,#B7DCB2,#D7EBD4,#768F73,#F4F9F3,Professional coordinating Sunburst color palette featuring 062-4 Garden Pathway. Backed fully by Sunburst paints warranty protocols. Formulated for continuous coverage.,true,SB-CAT-UBTA-209,2026-06-10T18:33:15.857Z
c_csv_370_5857,Sunburst 062-5 Inch Worm,Deep Botanical Forest,#8CB881,#BFD7B9,#5B7753,#EDF4EC,Professional coordinating Sunburst color palette featuring 062-5 Inch Worm. Backed fully by Sunburst paints warranty protocols. Formulated for continuous coverage.,true,SB-CAT-UBTA-210,2026-06-10T18:33:15.857Z
c_csv_371_5857,Sunburst 062-6 Heritage Garden,Deep Botanical Forest,#4F8044,#9EB998,#33532C,#E4EBE2,Professional coordinating Sunburst color palette featuring 062-6 Heritage Garden. Backed fully by Sunburst paints warranty protocols. Formulated for continuous coverage.,true,SB-CAT-ZEAL-216,2026-06-10T18:33:15.857Z
c_csv_372_5857,Sunburst 063-1 Cool Garden,Deep Botanical Forest,#EBF1E0,#F4F7ED,#989C91,#FCFCFA,Professional coordinating Sunburst color palette featuring 063-1 Cool Garden. Backed fully by Sunburst paints warranty protocols. Formulated for continuous coverage.,true,SB-CAT-2000-101,2026-06-10T18:33:15.857Z
c_csv_373_5857,Sunburst 063-2 Glimpse of Green,Deep Botanical Forest,#E5F0D9,#F0F6EA,#949C8D,#FBFCF9,Professional coordinating Sunburst color palette featuring 063-2 Glimpse of Green. Backed fully by Sunburst paints warranty protocols. Formulated for continuous coverage.,true,SB-CAT-2000-102,2026-06-10T18:33:15.857Z
c_csv_374_5857,Sunburst 063-3 Country Green,Deep Botanical Forest,#D6EBC6,#E8F4DF,#8B9880,#F8FCF6,Professional coordinating Sunburst color palette featuring 063-3 Country Green. Backed fully by Sunburst paints warranty protocols. Formulated for continuous coverage.,true,SB-CAT-2000-103,2026-06-10T18:33:15.857Z
c_csv_375_5857,Sunburst 063-4 Garden Escape,Deep Botanical Forest,#B5DFA5,#D6EDCD,#75906B,#F3FAF1,Professional coordinating Sunburst color palette featuring 063-4 Garden Escape. Backed fully by Sunburst paints warranty protocols. Formulated for continuous coverage.,true,SB-CAT-3001-105,2026-06-10T18:33:15.857Z
c_csv_376_5857,Sunburst 063-5 Going Green,Deep Botanical Forest,#97CE85,#C5E4BB,#628556,#EFF7EC,Professional coordinating Sunburst color palette featuring 063-5 Going Green. Backed fully by Sunburst paints warranty protocols. Formulated for continuous coverage.,true,SB-CAT-3211-106,2026-06-10T18:33:15.857Z
c_csv_377_5857,Sunburst 063-6 Erin Go Bragh,Deep Botanical Forest,#53A240,#A0CB95,#356929,#E5F1E2,Professional coordinating Sunburst color palette featuring 063-6 Erin Go Bragh. Backed fully by Sunburst paints warranty protocols. Formulated for continuous coverage.,true,SB-CAT-3215-107,2026-06-10T18:33:15.857Z
c_csv_378_5857,Sunburst 064-1 Clarica,Deep Botanical Forest,#F1F4E3,#F7F8EF,#9C9E93,#FCFDFA,Professional coordinating Sunburst color palette featuring 064-1 Clarica. Backed fully by Sunburst paints warranty protocols. Formulated for continuous coverage.,true,SB-CAT-3221-108,2026-06-10T18:33:15.857Z
c_csv_379_5857,Sunburst 064-2 Chinese Pistachio,Deep Botanical Forest,#ECEFD7,#F4F6E9,#999B8B,#FCFCF9,Professional coordinating Sunburst color palette featuring 064-2 Chinese Pistachio. Backed fully by Sunburst paints warranty protocols. Formulated for continuous coverage.,true,SB-CAT-3225-109,2026-06-10T18:33:15.857Z
c_csv_380_5857,Sunburst 064-3 Citrus Twist,Deep Botanical Forest,#E8EFCF,#F2F6E4,#969B86,#FBFCF7,Professional coordinating Sunburst color palette featuring 064-3 Citrus Twist. Backed fully by Sunburst paints warranty protocols. Formulated for continuous coverage.,true,SB-CAT-3PCP-111,2026-06-10T18:33:15.857Z
c_csv_381_5857,Sunburst 064-4 Fair Maiden,Deep Botanical Forest,#D1E7B2,#E5F1D4,#879673,#F8FBF3,Professional coordinating Sunburst color palette featuring 064-4 Fair Maiden. Backed fully by Sunburst paints warranty protocols. Formulated for continuous coverage.,true,SB-CAT-400C-114,2026-06-10T18:33:15.857Z
c_csv_382_5857,Sunburst 064-5 Favorite Plant,Deep Botanical Forest,#AAD481,#D0E7B9,#6E8953,#F2F8EC,Professional coordinating Sunburst color palette featuring 064-5 Favorite Plant. Backed fully by Sunburst paints warranty protocols. Formulated for continuous coverage.,true,SB-CAT-400C-115,2026-06-10T18:33:15.857Z
c_csv_383_5857,Sunburst 064-6 Fresh Cut Grass,Deep Botanical Forest,#76AD3C,#B3D193,#4C7027,#EAF2E1,Professional coordinating Sunburst color palette featuring 064-6 Fresh Cut Grass. Backed fully by Sunburst paints warranty protocols. Formulated for continuous coverage.,true,SB-CAT-400W-116,2026-06-10T18:33:15.857Z
c_csv_384_5857,Sunburst 065-1 Teeny Bit Green,Deep Botanical Forest,#ECEFDD,#F4F6EC,#999B8F,#FCFCF9,Professional coordinating Sunburst color palette featuring 065-1 Teeny Bit Green. Backed fully by Sunburst paints warranty protocols. Formulated for continuous coverage.,true,SB-CAT-400W-117,2026-06-10T18:33:15.857Z
c_csv_385_5857,Sunburst 065-2 Pistachio Pie,Deep Botanical Forest,#E7EED8,#F1F5E9,#969A8C,#FBFCF9,Professional coordinating Sunburst color palette featuring 065-2 Pistachio Pie. Backed fully by Sunburst paints warranty protocols. Formulated for continuous coverage.,true,SB-CAT-421C-118,2026-06-10T18:33:15.857Z
c_csv_386_5857,Sunburst 065-3 Adam's Apple,Deep Botanical Forest,#DAE8C4,#EAF2DE,#8D967F,#F9FBF6,Professional coordinating Sunburst color palette featuring 065-3 Adam's Apple. Backed fully by Sunburst paints warranty protocols. Formulated for continuous coverage.,true,SB-CAT-421C-119,2026-06-10T18:33:15.857Z
c_csv_387_5857,Sunburst 065-4 Garden Inspiration,Deep Botanical Forest,#CBDFB4,#E2EDD5,#839075,#F7FAF3,Professional coordinating Sunburst color palette featuring 065-4 Garden Inspiration. Backed fully by Sunburst paints warranty protocols. Formulated for continuous coverage.,true,SB-CAT-4221-120,2026-06-10T18:33:15.857Z
c_csv_388_5857,Sunburst 065-5 Gathering Moss,Deep Botanical Forest,#A0BF85,#CADBBB,#687C56,#F0F5EC,Professional coordinating Sunburst color palette featuring 065-5 Gathering Moss. Backed fully by Sunburst paints warranty protocols. Formulated for continuous coverage.,true,SB-CAT-422W-121,2026-06-10T18:33:15.857Z
c_csv_389_5857,Sunburst 065-6 Hanging Vine,Deep Botanical Forest,#708D47,#B0C099,#485B2E,#E9EDE3,Professional coordinating Sunburst color palette featuring 065-6 Hanging Vine. Backed fully by Sunburst paints warranty protocols. Formulated for continuous coverage.,true,SB-CAT-4231-122,2026-06-10T18:33:15.857Z
c_csv_390_5857,Sunburst 066-1 Ellora,Deep Botanical Forest,#ECF0DE,#F4F6EC,#999C90,#FCFCFA,Professional coordinating Sunburst color palette featuring 066-1 Ellora. Backed fully by Sunburst paints warranty protocols. Formulated for continuous coverage.,true,SB-CAT-423W-123,2026-06-10T18:33:15.857Z
c_csv_391_5857,Sunburst 066-2 Soft Green,Deep Botanical Forest,#E2EAD6,#EFF3E8,#92988B,#FAFBF8,Professional coordinating Sunburst color palette featuring 066-2 Soft Green. Backed fully by Sunburst paints warranty protocols. Formulated for continuous coverage.,true,SB-CAT-4231-124,2026-06-10T18:33:15.857Z
c_csv_392_5857,Sunburst 066-3 Grass Edge,Deep Botanical Forest,#CCDABC,#E2EADA,#848D7A,#F7F9F4,Professional coordinating Sunburst color palette featuring 066-3 Grass Edge. Backed fully by Sunburst paints warranty protocols. Formulated for continuous coverage.,true,SB-CAT-5GAL-126,2026-06-10T18:33:15.857Z
c_csv_393_5857,Sunburst 066-4 Endless Day,Deep Botanical Forest,#BCCCAD,#DAE2D1,#7A8470,#F4F7F2,Professional coordinating Sunburst color palette featuring 066-4 Endless Day. Backed fully by Sunburst paints warranty protocols. Formulated for continuous coverage.,true,SB-CAT-621-127,2026-06-10T18:33:15.857Z
c_csv_394_5857,Sunburst 066-5 Veggie Green,Deep Botanical Forest,#819869,#B9C6AC,#536244,#ECEFE8,Professional coordinating Sunburst color palette featuring 066-5 Veggie Green. Backed fully by Sunburst paints warranty protocols. Formulated for continuous coverage.,true,SB-CAT-622-128,2026-06-10T18:33:15.857Z
c_csv_395_5857,Sunburst 066-6 Putting Green,Deep Botanical Forest,#60774B,#A7B49C,#3E4D30,#E7EAE4,Professional coordinating Sunburst color palette featuring 066-6 Putting Green. Backed fully by Sunburst paints warranty protocols. Formulated for continuous coverage.,true,SB-CAT-6225-129,2026-06-10T18:33:15.857Z
c_csv_396_5857,Sunburst 067-1 Soft Jade,Deep Botanical Forest,#E4E6D2,#F0F1E6,#949588,#FAFBF8,Professional coordinating Sunburst color palette featuring 067-1 Soft Jade. Backed fully by Sunburst paints warranty protocols. Formulated for continuous coverage.,true,SB-CAT-8211-130,2026-06-10T18:33:15.857Z
c_csv_397_5857,Sunburst 067-2 Soft Celery,Deep Botanical Forest,#D9DDC5,#EAECDF,#8D8F80,#F9F9F6,Professional coordinating Sunburst color palette featuring 067-2 Soft Celery. Backed fully by Sunburst paints warranty protocols. Formulated for continuous coverage.,true,SB-CAT-8215-131,2026-06-10T18:33:15.857Z
c_csv_398_5857,Sunburst 067-3 Sage Blossom,Deep Botanical Forest,#CDD4B5,#E3E7D6,#858975,#F7F8F3,Professional coordinating Sunburst color palette featuring 067-3 Sage Blossom. Backed fully by Sunburst paints warranty protocols. Formulated for continuous coverage.,true,SB-CAT-8231-132,2026-06-10T18:33:15.857Z
c_csv_399_5857,Sunburst 067-4 Terra Vale,Deep Botanical Forest,#B3BB9B,#D5D9C8,#747964,#F3F4F0,Professional coordinating Sunburst color palette featuring 067-4 Terra Vale. Backed fully by Sunburst paints warranty protocols. Formulated for continuous coverage.,true,SB-CAT-8235-133,2026-06-10T18:33:15.857Z
c_csv_400_5857,Sunburst 067-5 Point Pleasant,Deep Botanical Forest,#A1A988,#CBCFBD,#686D58,#F0F2ED,Professional coordinating Sunburst color palette featuring 067-5 Point Pleasant. Backed fully by Sunburst paints warranty protocols. Formulated for continuous coverage.,true,SB-CAT-900C-134,2026-06-10T18:33:15.857Z
c_csv_401_5857,Sunburst 067-6 Natura,Deep Botanical Forest,#6F7350,#AFB29E,#484A34,#E9EAE4,Professional coordinating Sunburst color palette featuring 067-6 Natura. Backed fully by Sunburst paints warranty protocols. Formulated for continuous coverage.,true,SB-CAT-900W-135,2026-06-10T18:33:15.857Z
c_csv_402_5857,Sunburst 068-1 Elegant Attitude,Deep Botanical Forest,#F2F2E1,#F7F7EE,#9D9D92,#FDFDFA,Professional coordinating Sunburst color palette featuring 068-1 Elegant Attitude. Backed fully by Sunburst paints warranty protocols. Formulated for continuous coverage.,true,SB-CAT-900C-136,2026-06-10T18:33:15.857Z
c_csv_403_5857,Sunburst 068-2 Garden of Light,Deep Botanical Forest,#E5ECD1,#F0F4E5,#949987,#FBFCF8,Professional coordinating Sunburst color palette featuring 068-2 Garden of Light. Backed fully by Sunburst paints warranty protocols. Formulated for continuous coverage.,true,SB-CAT-900W-137,2026-06-10T18:33:15.857Z
c_csv_404_5857,Sunburst 068-3 Grasshopper Wing,Deep Botanical Forest,#DAE4C0,#EAF0DC,#8D947C,#F9FAF5,Professional coordinating Sunburst color palette featuring 068-3 Grasshopper Wing. Backed fully by Sunburst paints warranty protocols. Formulated for continuous coverage.,true,SB-CAT-ADDC-139,2026-06-10T18:33:15.857Z
c_csv_405_5857,Sunburst 068-4 Vista of Spring,Deep Botanical Forest,#BEC996,#DBE1C5,#7B8261,#F5F6EF,Professional coordinating Sunburst color palette featuring 068-4 Vista of Spring. Backed fully by Sunburst paints warranty protocols. Formulated for continuous coverage.,true,SB-CAT-ADDC-140,2026-06-10T18:33:15.857Z
c_csv_406_5857,Sunburst 068-5 Apple Annie,Deep Botanical Forest,#8F9F5B,#C1CAA4,#5C673B,#EEF0E6,Professional coordinating Sunburst color palette featuring 068-5 Apple Annie. Backed fully by Sunburst paints warranty protocols. Formulated for continuous coverage.,true,SB-CAT-CAME-143,2026-06-10T18:33:15.857Z
c_csv_407_5857,Sunburst 068-6 Wild Garden,Deep Botanical Forest,#7F8C48,#B8BF9A,#525B2E,#EBEDE3,Professional coordinating Sunburst color palette featuring 068-6 Wild Garden. Backed fully by Sunburst paints warranty protocols. Formulated for continuous coverage.,true,SB-CAT-CAME-144,2026-06-10T18:33:15.857Z
c_csv_408_5857,Sunburst 069-1 Clarity,Deep Botanical Forest,#F4F3DE,#F8F8EC,#9E9D90,#FDFDFA,Professional coordinating Sunburst color palette featuring 069-1 Clarity. Backed fully by Sunburst paints warranty protocols. Formulated for continuous coverage.,true,SB-CAT-FILL-160,2026-06-10T18:33:15.857Z
c_csv_409_5857,Sunburst 069-2 Lime Right,Deep Botanical Forest,#EEF0CD,#F5F6E3,#9A9C85,#FCFCF7,Professional coordinating Sunburst color palette featuring 069-2 Lime Right. Backed fully by Sunburst paints warranty protocols. Formulated for continuous coverage.,true,SB-CAT-FILL-161,2026-06-10T18:33:15.857Z
c_csv_410_5857,Sunburst 069-3 Spring Ring,Deep Botanical Forest,#E5EDBA,#F0F5D9,#949A78,#FBFCF4,Professional coordinating Sunburst color palette featuring 069-3 Spring Ring. Backed fully by Sunburst paints warranty protocols. Formulated for continuous coverage.,true,SB-CAT-GALL-164,2026-06-10T18:33:15.857Z
c_csv_411_5857,Sunburst 069-4 Bursting with Taste,Deep Botanical Forest,#D4E29A,#E7EFC7,#899264,#F8FAEF,Professional coordinating Sunburst color palette featuring 069-4 Bursting with Taste. Backed fully by Sunburst paints warranty protocols. Formulated for continuous coverage.,true,SB-CAT-META-166,2026-06-10T18:33:15.857Z
c_csv_412_5857,Sunburst 069-5 Sweet Summer,Deep Botanical Forest,#ACCA56,#D1E1A2,#6F8337,#F2F7E5,Professional coordinating Sunburst color palette featuring 069-5 Sweet Summer. Backed fully by Sunburst paints warranty protocols. Formulated for continuous coverage.,true,SB-CAT-META-167,2026-06-10T18:33:15.857Z
c_csv_413_5857,Sunburst 069-6 Joyful Green,Deep Botanical Forest,#8BB529,#BFD689,#5A751A,#EDF3DE,Professional coordinating Sunburst color palette featuring 069-6 Joyful Green. Backed fully by Sunburst paints warranty protocols. Formulated for continuous coverage.,true,SB-CAT-MIXM-168,2026-06-10T18:33:15.857Z
c_csv_414_5857,Sunburst 070-1 Pear Tint,Solar Amber Goldlands,#F2F0DC,#F7F6EB,#9D9C8F,#FDFCF9,Professional coordinating Sunburst color palette featuring 070-1 Pear Tint. Backed fully by Sunburst paints warranty protocols. Formulated for continuous coverage.,true,SB-CAT-MIXM-169,2026-06-10T18:33:15.857Z
c_csv_415_5857,Sunburst 070-2 Soft Lime,Solar Amber Goldlands,#E8ECC9,#F2F4E1,#969982,#FBFCF6,Professional coordinating Sunburst color palette featuring 070-2 Soft Lime. Backed fully by Sunburst paints warranty protocols. Formulated for continuous coverage.,true,SB-CAT-MIXN-170,2026-06-10T18:33:15.857Z
c_csv_416_5857,Sunburst 070-3 Melon Mist,Solar Amber Goldlands,#DCE4B3,#EBF0D5,#8F9474,#F9FAF3,Professional coordinating Sunburst color palette featuring 070-3 Melon Mist. Backed fully by Sunburst paints warranty protocols. Formulated for continuous coverage.,true,SB-CAT-NEWZ-171,2026-06-10T18:33:15.857Z
c_csv_417_5857,Sunburst 070-4 Key Lime,Solar Amber Goldlands,#CED99C,#E4EAC8,#858D65,#F7F9F0,Professional coordinating Sunburst color palette featuring 070-4 Key Lime. Backed fully by Sunburst paints warranty protocols. Formulated for continuous coverage.,true,SB-CAT-NEWZ-172,2026-06-10T18:33:15.857Z
c_csv_418_5857,Sunburst 070-5 Summer Salad,Solar Amber Goldlands,#A8B95E,#CFD8A6,#6D783D,#F1F4E6,Professional coordinating Sunburst color palette featuring 070-5 Summer Salad. Backed fully by Sunburst paints warranty protocols. Formulated for continuous coverage.,true,SB-CAT-OSPH-173,2026-06-10T18:33:15.857Z
c_csv_419_5857,Sunburst 070-6 Green Scene,Solar Amber Goldlands,#899F3D,#BECA94,#596727,#EDF0E1,Professional coordinating Sunburst color palette featuring 070-6 Green Scene. Backed fully by Sunburst paints warranty protocols. Formulated for continuous coverage.,true,SB-CAT-PAIN-177,2026-06-10T18:33:15.857Z
c_csv_420_5857,Sunburst 071-1 Diamond Hill,Solar Amber Goldlands,#EEEDD8,#F5F5E9,#9A9A8C,#FCFCF9,Professional coordinating Sunburst color palette featuring 071-1 Diamond Hill. Backed fully by Sunburst paints warranty protocols. Formulated for continuous coverage.,true,SB-CAT-PAIN-178,2026-06-10T18:33:15.857Z
c_csv_421_5857,Sunburst 071-2 Desert Willow,Solar Amber Goldlands,#DCDDB8,#EBECD7,#8F8F77,#F9F9F4,Professional coordinating Sunburst color palette featuring 071-2 Desert Willow. Backed fully by Sunburst paints warranty protocols. Formulated for continuous coverage.,true,SB-CAT-PLAS-180,2026-06-10T18:33:15.857Z
c_csv_422_5857,Sunburst 071-3 Green Twig,Solar Amber Goldlands,#D3D6AB,#E6E8D0,#898B6F,#F8F8F2,Professional coordinating Sunburst color palette featuring 071-3 Green Twig. Backed fully by Sunburst paints warranty protocols. Formulated for continuous coverage.,true,SB-CAT-RED-188,2026-06-10T18:33:15.857Z
c_csv_423_5857,Sunburst 071-4 Dillweed,Solar Amber Goldlands,#C6C598,#DFDFC6,#808062,#F6F6EF,Professional coordinating Sunburst color palette featuring 071-4 Dillweed. Backed fully by Sunburst paints warranty protocols. Formulated for continuous coverage.,true,SB-CAT-TEST-199,2026-06-10T18:33:15.857Z
c_csv_424_5857,Sunburst 071-5 Desert Saguaro,Solar Amber Goldlands,#ADAF7C,#D1D3B6,#707150,#F2F3EB,Professional coordinating Sunburst color palette featuring 071-5 Desert Saguaro. Backed fully by Sunburst paints warranty protocols. Formulated for continuous coverage.,true,SB-CAT-THIN-201,2026-06-10T18:33:15.857Z
c_csv_425_5858,Sunburst 071-6 Conifer Forest,Solar Amber Goldlands,#87864F,#BDBC9E,#575733,#EDECE4,Professional coordinating Sunburst color palette featuring 071-6 Conifer Forest. Backed fully by Sunburst paints warranty protocols. Formulated for continuous coverage.,true,SB-CAT-TOUC-202,2026-06-10T18:33:15.858Z
c_csv_426_5858,Sunburst 072-1 Blooming Great,Solar Amber Goldlands,#EFEFD6,#F6F6E8,#9B9B8B,#FCFCF8,Professional coordinating Sunburst color palette featuring 072-1 Blooming Great. Backed fully by Sunburst paints warranty protocols. Formulated for continuous coverage.,true,SB-CAT-TRAF-203,2026-06-10T18:33:15.858Z
c_csv_427_5858,Sunburst 072-2 Soft Summer,Solar Amber Goldlands,#ECEECF,#F4F5E4,#999A86,#FCFCF7,Professional coordinating Sunburst color palette featuring 072-2 Soft Summer. Backed fully by Sunburst paints warranty protocols. Formulated for continuous coverage.,true,SB-CAT-TRAF-205,2026-06-10T18:33:15.858Z
c_csv_428_5858,Sunburst 072-3 My Pleasure,Solar Amber Goldlands,#E0E5BC,#EDF0DA,#91947A,#FAFBF4,Professional coordinating Sunburst color palette featuring 072-3 My Pleasure. Backed fully by Sunburst paints warranty protocols. Formulated for continuous coverage.,true,SB-CAT-TROP-206,2026-06-10T18:33:15.858Z
c_csv_429_5858,Sunburst 072-4 Barefoot Grass,Solar Amber Goldlands,#CBD198,#E2E5C6,#838762,#F7F8EF,Professional coordinating Sunburst color palette featuring 072-4 Barefoot Grass. Backed fully by Sunburst paints warranty protocols. Formulated for continuous coverage.,true,SB-CAT-TROP-207,2026-06-10T18:33:15.858Z
c_csv_430_5858,Sunburst 072-5 Big Mossy Lake,Solar Amber Goldlands,#B8C37F,#D7DEB8,#777E52,#F4F6EB,Professional coordinating Sunburst color palette featuring 072-5 Big Mossy Lake. Backed fully by Sunburst paints warranty protocols. Formulated for continuous coverage.,true,SB-CAT-UB5G-208,2026-06-10T18:33:15.858Z
c_csv_431_5858,Sunburst 072-6 Arbor Day,Solar Amber Goldlands,#879344,#BDC398,#575F2C,#EDEEE2,Professional coordinating Sunburst color palette featuring 072-6 Arbor Day. Backed fully by Sunburst paints warranty protocols. Formulated for continuous coverage.,true,SB-CAT-UBTA-209,2026-06-10T18:33:15.858Z
c_csv_432_5858,Sunburst 073-1 Meredity,Solar Amber Goldlands,#F4F3D8,#F8F8E9,#9E9D8C,#FDFDF9,Professional coordinating Sunburst color palette featuring 073-1 Meredity. Backed fully by Sunburst paints warranty protocols. Formulated for continuous coverage.,true,SB-CAT-UBTA-210,2026-06-10T18:33:15.858Z
c_csv_433_5858,Sunburst 073-2 Sprout Green,Solar Amber Goldlands,#EFEFCB,#F6F6E2,#9B9B83,#FCFCF7,Professional coordinating Sunburst color palette featuring 073-2 Sprout Green. Backed fully by Sunburst paints warranty protocols. Formulated for continuous coverage.,true,SB-CAT-ZEAL-216,2026-06-10T18:33:15.858Z
c_csv_434_5858,Sunburst 073-3 Avalone Lime,Solar Amber Goldlands,#EAECBF,#F3F4DB,#98997C,#FBFCF5,Professional coordinating Sunburst color palette featuring 073-3 Avalone Lime. Backed fully by Sunburst paints warranty protocols. Formulated for continuous coverage.,true,SB-CAT-2000-101,2026-06-10T18:33:15.858Z
c_csv_435_5858,Sunburst 073-4 Summer Scene,Solar Amber Goldlands,#D7DE9A,#E9ECC7,#8B9064,#F9FAEF,Professional coordinating Sunburst color palette featuring 073-4 Summer Scene. Backed fully by Sunburst paints warranty protocols. Formulated for continuous coverage.,true,SB-CAT-2000-102,2026-06-10T18:33:15.858Z
c_csv_436_5858,Sunburst 073-5 Calista,Solar Amber Goldlands,#C6CE7B,#DFE4B6,#80854F,#F6F7EB,Professional coordinating Sunburst color palette featuring 073-5 Calista. Backed fully by Sunburst paints warranty protocols. Formulated for continuous coverage.,true,SB-CAT-2000-103,2026-06-10T18:33:15.858Z
c_csv_437_5858,Sunburst 073-6 Sheer Velvet,Solar Amber Goldlands,#99AB3C,#C6D093,#636F27,#EFF2E1,Professional coordinating Sunburst color palette featuring 073-6 Sheer Velvet. Backed fully by Sunburst paints warranty protocols. Formulated for continuous coverage.,true,SB-CAT-3001-105,2026-06-10T18:33:15.858Z
c_csv_438_5859,Sunburst 074-1 City Scape,Solar Amber Goldlands,#F4F0D7,#F8F6E9,#9E9C8B,#FDFCF9,Professional coordinating Sunburst color palette featuring 074-1 City Scape. Backed fully by Sunburst paints warranty protocols. Formulated for continuous coverage.,true,SB-CAT-3211-106,2026-06-10T18:33:15.859Z
c_csv_439_5859,Sunburst 074-2 Captured Spirit,Solar Amber Goldlands,#F4F0CE,#F8F6E4,#9E9C85,#FDFCF7,Professional coordinating Sunburst color palette featuring 074-2 Captured Spirit. Backed fully by Sunburst paints warranty protocols. Formulated for continuous coverage.,true,SB-CAT-3215-107,2026-06-10T18:33:15.859Z
c_csv_440_5859,Sunburst 074-3 Lamorna,Solar Amber Goldlands,#EBE7AF,#F4F1D3,#989671,#FCFBF3,Professional coordinating Sunburst color palette featuring 074-3 Lamorna. Backed fully by Sunburst paints warranty protocols. Formulated for continuous coverage.,true,SB-CAT-3221-108,2026-06-10T18:33:15.859Z
c_csv_441_5859,Sunburst 074-4 Lime Twist,Solar Amber Goldlands,#E2E09D,#EFEDC9,#929166,#FAFAF0,Professional coordinating Sunburst color palette featuring 074-4 Lime Twist. Backed fully by Sunburst paints warranty protocols. Formulated for continuous coverage.,true,SB-CAT-3225-109,2026-06-10T18:33:15.859Z
c_csv_442_5859,Sunburst 074-5 Lorilee,Solar Amber Goldlands,#D3D47A,#E6E7B5,#89894F,#F8F8EB,Professional coordinating Sunburst color palette featuring 074-5 Lorilee. Backed fully by Sunburst paints warranty protocols. Formulated for continuous coverage.,true,SB-CAT-3PCP-111,2026-06-10T18:33:15.859Z
c_csv_443_5859,Sunburst 074-6 Chinese Chartruese,Solar Amber Goldlands,#AEB535,#D2D68F,#717522,#F2F3E0,Professional coordinating Sunburst color palette featuring 074-6 Chinese Chartruese. Backed fully by Sunburst paints warranty protocols. Formulated for continuous coverage.,true,SB-CAT-400C-114,2026-06-10T18:33:15.859Z
c_csv_444_5859,Sunburst 075-1 Day Brighteners,Solar Amber Goldlands,#F3F3D7,#F8F8E9,#9D9D8B,#FDFDF9,Professional coordinating Sunburst color palette featuring 075-1 Day Brighteners. Backed fully by Sunburst paints warranty protocols. Formulated for continuous coverage.,true,SB-CAT-400C-115,2026-06-10T18:33:15.859Z
c_csv_445_5859,Sunburst 075-2 Arabella,Solar Amber Goldlands,#EFECB7,#F6F4D7,#9B9976,#FCFCF4,Professional coordinating Sunburst color palette featuring 075-2 Arabella. Backed fully by Sunburst paints warranty protocols. Formulated for continuous coverage.,true,SB-CAT-400W-116,2026-06-10T18:33:15.859Z
c_csv_446_5859,Sunburst 075-3 Athena,Solar Amber Goldlands,#E2E29A,#EFEFC7,#929264,#FAFAEF,Professional coordinating Sunburst color palette featuring 075-3 Athena. Backed fully by Sunburst paints warranty protocols. Formulated for continuous coverage.,true,SB-CAT-400W-117,2026-06-10T18:33:15.859Z
c_csv_447_5859,Sunburst 075-4 Green Hornet,Solar Amber Goldlands,#DCD879,#EBE9B5,#8F8C4E,#F9F9EA,Professional coordinating Sunburst color palette featuring 075-4 Green Hornet. Backed fully by Sunburst paints warranty protocols. Formulated for continuous coverage.,true,SB-CAT-421C-118,2026-06-10T18:33:15.859Z
c_csv_448_5859,Sunburst 075-5 Florentine Flash,Solar Amber Goldlands,#D3D061,#E6E5A8,#89873F,#F8F7E7,Professional coordinating Sunburst color palette featuring 075-5 Florentine Flash. Backed fully by Sunburst paints warranty protocols. Formulated for continuous coverage.,true,SB-CAT-421C-119,2026-06-10T18:33:15.859Z
c_csv_449_5859,Sunburst 075-6 Liquid Crystal,Solar Amber Goldlands,#BEBE32,#DBDB8E,#7B7B20,#F5F5E0,Professional coordinating Sunburst color palette featuring 075-6 Liquid Crystal. Backed fully by Sunburst paints warranty protocols. Formulated for continuous coverage.,true,SB-CAT-4221-120,2026-06-10T18:33:15.859Z
c_csv_450_5859,Sunburst 076-1 Early Light,Solar Amber Goldlands,#F3EED3,#F8F5E6,#9D9A89,#FDFCF8,Professional coordinating Sunburst color palette featuring 076-1 Early Light. Backed fully by Sunburst paints warranty protocols. Formulated for continuous coverage.,true,SB-CAT-422W-121,2026-06-10T18:33:15.859Z
c_csv_451_5859,Sunburst 076-2 Delicate Flower,Solar Amber Goldlands,#F0EDCA,#F6F5E1,#9C9A83,#FCFCF7,Professional coordinating Sunburst color palette featuring 076-2 Delicate Flower. Backed fully by Sunburst paints warranty protocols. Formulated for continuous coverage.,true,SB-CAT-4231-122,2026-06-10T18:33:15.859Z
c_csv_452_5859,Sunburst 076-3 Desert Aire,Solar Amber Goldlands,#EAE7BA,#F3F1D9,#989678,#FBFBF4,Professional coordinating Sunburst color palette featuring 076-3 Desert Aire. Backed fully by Sunburst paints warranty protocols. Formulated for continuous coverage.,true,SB-CAT-423W-123,2026-06-10T18:33:15.859Z
c_csv_453_5859,Sunburst 076-4 Dried Grass,Solar Amber Goldlands,#E8E4B1,#F2F0D4,#969473,#FBFAF3,Professional coordinating Sunburst color palette featuring 076-4 Dried Grass. Backed fully by Sunburst paints warranty protocols. Formulated for continuous coverage.,true,SB-CAT-4231-124,2026-06-10T18:33:15.859Z
c_csv_454_5859,Sunburst 076-5 Kiwi Breeze,Solar Amber Goldlands,#CFCB7F,#E4E2B8,#868352,#F7F7EB,Professional coordinating Sunburst color palette featuring 076-5 Kiwi Breeze. Backed fully by Sunburst paints warranty protocols. Formulated for continuous coverage.,true,SB-CAT-5GAL-126,2026-06-10T18:33:15.859Z
c_csv_455_5859,Sunburst 076-6 Mountain Magic,Solar Amber Goldlands,#A29F3C,#CBCA93,#696727,#F1F0E1,Professional coordinating Sunburst color palette featuring 076-6 Mountain Magic. Backed fully by Sunburst paints warranty protocols. Formulated for continuous coverage.,true,SB-CAT-621-127,2026-06-10T18:33:15.859Z
c_csv_456_5859,Sunburst 077-1 Clean Khaki,Solar Amber Goldlands,#EBE8D2,#F4F2E6,#989688,#FCFBF8,Professional coordinating Sunburst color palette featuring 077-1 Clean Khaki. Backed fully by Sunburst paints warranty protocols. Formulated for continuous coverage.,true,SB-CAT-622-128,2026-06-10T18:33:15.859Z
c_csv_457_5859,Sunburst 077-2 Canvas Tent,Solar Amber Goldlands,#E2DEC4,#EFECDE,#92907F,#FAFAF6,Professional coordinating Sunburst color palette featuring 077-2 Canvas Tent. Backed fully by Sunburst paints warranty protocols. Formulated for continuous coverage.,true,SB-CAT-6225-129,2026-06-10T18:33:15.859Z
c_csv_458_5859,Sunburst 077-3 Celery Cream,Solar Amber Goldlands,#DDD4B8,#ECE7D7,#8F8977,#F9F8F4,Professional coordinating Sunburst color palette featuring 077-3 Celery Cream. Backed fully by Sunburst paints warranty protocols. Formulated for continuous coverage.,true,SB-CAT-8211-130,2026-06-10T18:33:15.859Z
c_csv_459_5859,Sunburst 077-4 Classic Sage,Solar Amber Goldlands,#BAB18D,#D9D4C0,#78735B,#F4F3ED,Professional coordinating Sunburst color palette featuring 077-4 Classic Sage. Backed fully by Sunburst paints warranty protocols. Formulated for continuous coverage.,true,SB-CAT-8215-131,2026-06-10T18:33:15.859Z
c_csv_460_5859,Sunburst 077-5 Mirrored Willow,Solar Amber Goldlands,#A29F81,#CBCAB9,#696753,#F1F0EC,Professional coordinating Sunburst color palette featuring 077-5 Mirrored Willow. Backed fully by Sunburst paints warranty protocols. Formulated for continuous coverage.,true,SB-CAT-8231-132,2026-06-10T18:33:15.859Z
c_csv_461_5859,Sunburst 077-6 Jungle Vine,Solar Amber Goldlands,#78734F,#B4B29E,#4E4A33,#EAEAE4,Professional coordinating Sunburst color palette featuring 077-6 Jungle Vine. Backed fully by Sunburst paints warranty protocols. Formulated for continuous coverage.,true,SB-CAT-8235-133,2026-06-10T18:33:15.859Z
c_csv_462_5859,Sunburst 078-1 Desert Day,Solar Amber Goldlands,#EAE4CD,#F3F0E3,#989485,#FBFAF7,Professional coordinating Sunburst color palette featuring 078-1 Desert Day. Backed fully by Sunburst paints warranty protocols. Formulated for continuous coverage.,true,SB-CAT-900C-134,2026-06-10T18:33:15.859Z
c_csv_463_5859,Sunburst 078-2 Pressed Khaki,Solar Amber Goldlands,#E5DEC1,#F0ECDC,#94907D,#FBFAF5,Professional coordinating Sunburst color palette featuring 078-2 Pressed Khaki. Backed fully by Sunburst paints warranty protocols. Formulated for continuous coverage.,true,SB-CAT-900W-135,2026-06-10T18:33:15.859Z
c_csv_464_5859,Sunburst 078-3 Western Sage,Solar Amber Goldlands,#D6CFA9,#E8E4CF,#8B866D,#F8F7F2,Professional coordinating Sunburst color palette featuring 078-3 Western Sage. Backed fully by Sunburst paints warranty protocols. Formulated for continuous coverage.,true,SB-CAT-900C-136,2026-06-10T18:33:15.859Z
c_csv_465_5859,Sunburst 078-4 Old Sage,Solar Amber Goldlands,#C1B994,#DCD8C4,#7D7860,#F5F4EE,Professional coordinating Sunburst color palette featuring 078-4 Old Sage. Backed fully by Sunburst paints warranty protocols. Formulated for continuous coverage.,true,SB-CAT-900W-137,2026-06-10T18:33:15.859Z
c_csv_466_5859,Sunburst 078-5 English Manor Garden,Solar Amber Goldlands,#ABA37C,#D0CCB6,#6F6950,#F2F1EB,Professional coordinating Sunburst color palette featuring 078-5 English Manor Garden. Backed fully by Sunburst paints warranty protocols. Formulated for continuous coverage.,true,SB-CAT-ADDC-139,2026-06-10T18:33:15.859Z
c_csv_467_5859,Sunburst 078-6 Olive Leaf,Solar Amber Goldlands,#82784E,#BAB49D,#544E32,#ECEAE4,Professional coordinating Sunburst color palette featuring 078-6 Olive Leaf. Backed fully by Sunburst paints warranty protocols. Formulated for continuous coverage.,true,SB-CAT-ADDC-140,2026-06-10T18:33:15.859Z
c_csv_468_5859,Sunburst 079-1 Whipped Butter,Solar Amber Goldlands,#F0ECD0,#F6F4E5,#9C9987,#FCFCF7,Professional coordinating Sunburst color palette featuring 079-1 Whipped Butter. Backed fully by Sunburst paints warranty protocols. Formulated for continuous coverage.,true,SB-CAT-CAME-143,2026-06-10T18:33:15.859Z
c_csv_469_5859,Sunburst 079-2 Tudor Cottage,Solar Amber Goldlands,#EFEBD0,#F6F4E5,#9B9887,#FCFCF7,Professional coordinating Sunburst color palette featuring 079-2 Tudor Cottage. Backed fully by Sunburst paints warranty protocols. Formulated for continuous coverage.,true,SB-CAT-CAME-144,2026-06-10T18:33:15.859Z
c_csv_470_5859,Sunburst 079-3 Avingnon,Solar Amber Goldlands,#E7E1B8,#F1EED7,#969277,#FBFAF4,Professional coordinating Sunburst color palette featuring 079-3 Avingnon. Backed fully by Sunburst paints warranty protocols. Formulated for continuous coverage.,true,SB-CAT-FILL-160,2026-06-10T18:33:15.859Z
c_csv_471_5859,Sunburst 079-4 Autumn Bloom,Solar Amber Goldlands,#E0D9AA,#EDEAD0,#918D6E,#FAF9F2,Professional coordinating Sunburst color palette featuring 079-4 Autumn Bloom. Backed fully by Sunburst paints warranty protocols. Formulated for continuous coverage.,true,SB-CAT-FILL-161,2026-06-10T18:33:15.859Z
c_csv_472_5859,Sunburst 079-5 Vintage Avocado,Solar Amber Goldlands,#C0B77D,#DCD7B7,#7C7651,#F5F4EB,Professional coordinating Sunburst color palette featuring 079-5 Vintage Avocado. Backed fully by Sunburst paints warranty protocols. Formulated for continuous coverage.,true,SB-CAT-GALL-164,2026-06-10T18:33:15.859Z
c_csv_473_5859,Sunburst 079-6 Arapaho Valley,Solar Amber Goldlands,#958948,#C4BE9A,#60592E,#EFEDE3,Professional coordinating Sunburst color palette featuring 079-6 Arapaho Valley. Backed fully by Sunburst paints warranty protocols. Formulated for continuous coverage.,true,SB-CAT-META-166,2026-06-10T18:33:15.859Z
c_csv_474_5859,Sunburst 080-1 Pale Green Tea,Solar Amber Goldlands,#EDE4C1,#F5F0DC,#9A947D,#FCFAF5,Professional coordinating Sunburst color palette featuring 080-1 Pale Green Tea. Backed fully by Sunburst paints warranty protocols. Formulated for continuous coverage.,true,SB-CAT-META-167,2026-06-10T18:33:15.859Z
c_csv_475_5859,Sunburst 080-2 Celery Bisque,Solar Amber Goldlands,#E0D8A9,#EDE9CF,#918C6D,#FAF9F2,Professional coordinating Sunburst color palette featuring 080-2 Celery Bisque. Backed fully by Sunburst paints warranty protocols. Formulated for continuous coverage.,true,SB-CAT-MIXM-168,2026-06-10T18:33:15.859Z
c_csv_476_5859,Sunburst 080-3 Aged Gold,Solar Amber Goldlands,#D3C692,#E6DFC3,#89805E,#F8F6EE,Professional coordinating Sunburst color palette featuring 080-3 Aged Gold. Backed fully by Sunburst paints warranty protocols. Formulated for continuous coverage.,true,SB-CAT-MIXM-169,2026-06-10T18:33:15.859Z
c_csv_477_5859,Sunburst 080-4 Australian Adventure,Solar Amber Goldlands,#C0B379,#DCD5B5,#7C744E,#F5F3EA,Professional coordinating Sunburst color palette featuring 080-4 Australian Adventure. Backed fully by Sunburst paints warranty protocols. Formulated for continuous coverage.,true,SB-CAT-MIXN-170,2026-06-10T18:33:15.859Z
c_csv_478_5859,Sunburst 080-5 Green Gold,Solar Amber Goldlands,#B6A665,#D6CEAA,#766B41,#F4F1E7,Professional coordinating Sunburst color palette featuring 080-5 Green Gold. Backed fully by Sunburst paints warranty protocols. Formulated for continuous coverage.,true,SB-CAT-NEWZ-171,2026-06-10T18:33:15.859Z
c_csv_479_5859,Sunburst 080-6 Autumn Leaves,Solar Amber Goldlands,#9B8C49,#C8BF9A,#645B2F,#F0EDE3,Professional coordinating Sunburst color palette featuring 080-6 Autumn Leaves. Backed fully by Sunburst paints warranty protocols. Formulated for continuous coverage.,true,SB-CAT-NEWZ-172,2026-06-10T18:33:15.859Z
c_csv_480_5859,Sunburst 081-1 White Cap,Solar Amber Goldlands,#F1ECD6,#F7F4E8,#9C998B,#FCFCF8,Professional coordinating Sunburst color palette featuring 081-1 White Cap. Backed fully by Sunburst paints warranty protocols. Formulated for continuous coverage.,true,SB-CAT-OSPH-173,2026-06-10T18:33:15.859Z
c_csv_481_5859,Sunburst 081-2 Warm Accolade,Solar Amber Goldlands,#E4D8B5,#F0E9D6,#948C75,#FAF9F3,Professional coordinating Sunburst color palette featuring 081-2 Warm Accolade. Backed fully by Sunburst paints warranty protocols. Formulated for continuous coverage.,true,SB-CAT-PAIN-177,2026-06-10T18:33:15.859Z
c_csv_482_5859,Sunburst 081-3 Safari Dust,Solar Amber Goldlands,#CABB93,#E1D9C3,#83795F,#F7F4EE,Professional coordinating Sunburst color palette featuring 081-3 Safari Dust. Backed fully by Sunburst paints warranty protocols. Formulated for continuous coverage.,true,SB-CAT-PAIN-178,2026-06-10T18:33:15.859Z
c_csv_483_5859,Sunburst 081-4 Dilly Dally,Solar Amber Goldlands,#B6A77B,#D6CEB6,#766C4F,#F4F1EB,Professional coordinating Sunburst color palette featuring 081-4 Dilly Dally. Backed fully by Sunburst paints warranty protocols. Formulated for continuous coverage.,true,SB-CAT-PLAS-180,2026-06-10T18:33:15.859Z
c_csv_484_5859,Sunburst 081-5 Bay Laurel,Solar Amber Goldlands,#AA9868,#D0C6AB,#6E6243,#F2EFE8,Professional coordinating Sunburst color palette featuring 081-5 Bay Laurel. Backed fully by Sunburst paints warranty protocols. Formulated for continuous coverage.,true,SB-CAT-RED-188,2026-06-10T18:33:15.859Z
c_csv_485_5859,Sunburst 081-6 Desert Darkness,Solar Amber Goldlands,#8D7C4D,#C0B69D,#5B5032,#EDEBE4,Professional coordinating Sunburst color palette featuring 081-6 Desert Darkness. Backed fully by Sunburst paints warranty protocols. Formulated for continuous coverage.,true,SB-CAT-TEST-199,2026-06-10T18:33:15.859Z
c_csv_486_5859,Sunburst 082-1 Creamy Canvas,Solar Amber Goldlands,#F5EDCE,#F9F5E4,#9F9A85,#FDFCF7,Professional coordinating Sunburst color palette featuring 082-1 Creamy Canvas. Backed fully by Sunburst paints warranty protocols. Formulated for continuous coverage.,true,SB-CAT-THIN-201,2026-06-10T18:33:15.859Z
c_csv_487_5859,Sunburst 082-2 Touch of Sunshine,Solar Amber Goldlands,#F3EAC1,#F8F3DC,#9D987D,#FDFBF5,Professional coordinating Sunburst color palette featuring 082-2 Touch of Sunshine. Backed fully by Sunburst paints warranty protocols. Formulated for continuous coverage.,true,SB-CAT-TOUC-202,2026-06-10T18:33:15.859Z
c_csv_488_5859,Sunburst 082-3 Yellow Leaves,Solar Amber Goldlands,#F0E4B4,#F6F0D5,#9C9475,#FCFAF3,Professional coordinating Sunburst color palette featuring 082-3 Yellow Leaves. Backed fully by Sunburst paints warranty protocols. Formulated for continuous coverage.,true,SB-CAT-TRAF-203,2026-06-10T18:33:15.859Z
c_csv_489_5859,Sunburst 082-4 Solana,Solar Amber Goldlands,#E6D99D,#F1EAC9,#958D66,#FBF9F0,Professional coordinating Sunburst color palette featuring 082-4 Solana. Backed fully by Sunburst paints warranty protocols. Formulated for continuous coverage.,true,SB-CAT-TRAF-205,2026-06-10T18:33:15.859Z
c_csv_490_5859,Sunburst 082-5 Adobe Sun,Solar Amber Goldlands,#D7C77C,#E9E0B6,#8B8150,#F9F6EB,Professional coordinating Sunburst color palette featuring 082-5 Adobe Sun. Backed fully by Sunburst paints warranty protocols. Formulated for continuous coverage.,true,SB-CAT-TROP-206,2026-06-10T18:33:15.859Z
c_csv_491_5859,Sunburst 082-6 Ella Bella,Solar Amber Goldlands,#A5973F,#CDC595,#6B6228,#F1EFE2,Professional coordinating Sunburst color palette featuring 082-6 Ella Bella. Backed fully by Sunburst paints warranty protocols. Formulated for continuous coverage.,true,SB-CAT-TROP-207,2026-06-10T18:33:15.859Z
c_csv_492_5859,Sunburst 083-1 Very Vanilla,Solar Amber Goldlands,#F6F2DF,#FAF7ED,#9F9D90,#FDFDFA,Professional coordinating Sunburst color palette featuring 083-1 Very Vanilla. Backed fully by Sunburst paints warranty protocols. Formulated for continuous coverage.,true,SB-CAT-UB5G-208,2026-06-10T18:33:15.859Z
c_csv_493_5859,Sunburst 083-2 Wedding Bouquet,Solar Amber Goldlands,#F9F2D7,#FBF7E9,#A19D8B,#FEFDF9,Professional coordinating Sunburst color palette featuring 083-2 Wedding Bouquet. Backed fully by Sunburst paints warranty protocols. Formulated for continuous coverage.,true,SB-CAT-UBTA-209,2026-06-10T18:33:15.859Z
c_csv_494_5859,Sunburst 083-3 Very Lemon,Solar Amber Goldlands,#FDEDB8,#FDF5D7,#A49A77,#FEFCF4,Professional coordinating Sunburst color palette featuring 083-3 Very Lemon. Backed fully by Sunburst paints warranty protocols. Formulated for continuous coverage.,true,SB-CAT-UBTA-210,2026-06-10T18:33:15.859Z
c_csv_495_5859,Sunburst 083-4 Sunswept,Solar Amber Goldlands,#F6E49C,#FAF0C8,#9F9465,#FDFAF0,Professional coordinating Sunburst color palette featuring 083-4 Sunswept. Backed fully by Sunburst paints warranty protocols. Formulated for continuous coverage.,true,SB-CAT-ZEAL-216,2026-06-10T18:33:15.859Z
c_csv_496_5859,Sunburst 083-5 Sunny Spot,Solar Amber Goldlands,#F2D77C,#F7E9B6,#9D8B50,#FDF9EB,Professional coordinating Sunburst color palette featuring 083-5 Sunny Spot. Backed fully by Sunburst paints warranty protocols. Formulated for continuous coverage.,true,SB-CAT-2000-101,2026-06-10T18:33:15.859Z
c_csv_497_5859,Sunburst 083-6 Zanzibar Retreat,Solar Amber Goldlands,#D3B127,#E6D488,#897319,#F8F3DE,Professional coordinating Sunburst color palette featuring 083-6 Zanzibar Retreat. Backed fully by Sunburst paints warranty protocols. Formulated for continuous coverage.,true,SB-CAT-2000-102,2026-06-10T18:33:15.859Z
c_csv_498_5859,Sunburst 084-1 Golden City,Solar Amber Goldlands,#F7F1DC,#FAF7EB,#A09C8F,#FDFCF9,Professional coordinating Sunburst color palette featuring 084-1 Golden City. Backed fully by Sunburst paints warranty protocols. Formulated for continuous coverage.,true,SB-CAT-2000-103,2026-06-10T18:33:15.859Z
c_csv_499_5859,Sunburst 084-2 Whispering Wildflower,Solar Amber Goldlands,#F4EAC9,#F8F3E1,#9E9882,#FDFBF6,Professional coordinating Sunburst color palette featuring 084-2 Whispering Wildflower. Backed fully by Sunburst paints warranty protocols. Formulated for continuous coverage.,true,SB-CAT-3001-105,2026-06-10T18:33:15.859Z
c_csv_500_5859,Sunburst 084-3 Warm and Cozy,Solar Amber Goldlands,#EFE0B4,#F6EDD5,#9B9175,#FCFAF3,Professional coordinating Sunburst color palette featuring 084-3 Warm and Cozy. Backed fully by Sunburst paints warranty protocols. Formulated for continuous coverage.,true,SB-CAT-3211-106,2026-06-10T18:33:15.859Z
c_csv_501_5859,Sunburst 084-4 Sweet Honey,Solar Amber Goldlands,#E1D09A,#EEE5C7,#928764,#FAF7EF,Professional coordinating Sunburst color palette featuring 084-4 Sweet Honey. Backed fully by Sunburst paints warranty protocols. Formulated for continuous coverage.,true,SB-CAT-3215-107,2026-06-10T18:33:15.859Z
c_csv_502_5859,Sunburst 084-5 Southwest Sun,Solar Amber Goldlands,#D5C181,#E7DCB9,#8A7D53,#F8F5EC,Professional coordinating Sunburst color palette featuring 084-5 Southwest Sun. Backed fully by Sunburst paints warranty protocols. Formulated for continuous coverage.,true,SB-CAT-3221-108,2026-06-10T18:33:15.859Z
c_csv_503_5859,Sunburst 084-6 Shaft of Gold,Solar Amber Goldlands,#A38E42,#CCC097,#695C2A,#F1EEE2,Professional coordinating Sunburst color palette featuring 084-6 Shaft of Gold. Backed fully by Sunburst paints warranty protocols. Formulated for continuous coverage.,true,SB-CAT-3225-109,2026-06-10T18:33:15.859Z
c_csv_504_5859,Sunburst 085-1 Vanilla Frost,Solar Amber Goldlands,#F1EAD7,#F7F3E9,#9C988B,#FCFBF9,Professional coordinating Sunburst color palette featuring 085-1 Vanilla Frost. Backed fully by Sunburst paints warranty protocols. Formulated for continuous coverage.,true,SB-CAT-3PCP-111,2026-06-10T18:33:15.859Z
c_csv_505_5859,Sunburst 085-2 Sunwarmed Sand,Solar Amber Goldlands,#EBDFC3,#F4EDDE,#98907E,#FCFAF6,Professional coordinating Sunburst color palette featuring 085-2 Sunwarmed Sand. Backed fully by Sunburst paints warranty protocols. Formulated for continuous coverage.,true,SB-CAT-400C-114,2026-06-10T18:33:15.859Z
c_csv_506_5859,Sunburst 085-3 Butterscotch Kiss,Solar Amber Goldlands,#E5D7B5,#F0E9D6,#948B75,#FBF9F3,Professional coordinating Sunburst color palette featuring 085-3 Butterscotch Kiss. Backed fully by Sunburst paints warranty protocols. Formulated for continuous coverage.,true,SB-CAT-400C-115,2026-06-10T18:33:15.859Z
c_csv_507_5859,Sunburst 085-4 Sage Brush,Solar Amber Goldlands,#D3C5A0,#E6DFCA,#898068,#F8F6F0,Professional coordinating Sunburst color palette featuring 085-4 Sage Brush. Backed fully by Sunburst paints warranty protocols. Formulated for continuous coverage.,true,SB-CAT-400W-116,2026-06-10T18:33:15.859Z
c_csv_508_5859,Sunburst 085-5 Burro Bridge,Solar Amber Goldlands,#B6A576,#D6CDB3,#766B4C,#F4F1EA,Professional coordinating Sunburst color palette featuring 085-5 Burro Bridge. Backed fully by Sunburst paints warranty protocols. Formulated for continuous coverage.,true,SB-CAT-400W-117,2026-06-10T18:33:15.859Z
c_csv_509_5859,Sunburst 085-6 Aztec Gold,Solar Amber Goldlands,#807445,#B9B298,#534B2C,#EBEAE3,Professional coordinating Sunburst color palette featuring 085-6 Aztec Gold. Backed fully by Sunburst paints warranty protocols. Formulated for continuous coverage.,true,SB-CAT-421C-118,2026-06-10T18:33:15.859Z
c_csv_510_5859,Sunburst 086-1 Spun Sunlight,Solar Amber Goldlands,#F6EFD3,#FAF6E6,#9F9B89,#FDFCF8,Professional coordinating Sunburst color palette featuring 086-1 Spun Sunlight. Backed fully by Sunburst paints warranty protocols. Formulated for continuous coverage.,true,SB-CAT-421C-119,2026-06-10T18:33:15.859Z
c_csv_511_5859,Sunburst 086-2 Golden Light,Solar Amber Goldlands,#F6ECC6,#FAF4DF,#9F9980,#FDFCF6,Professional coordinating Sunburst color palette featuring 086-2 Golden Light. Backed fully by Sunburst paints warranty protocols. Formulated for continuous coverage.,true,SB-CAT-4221-120,2026-06-10T18:33:15.859Z
c_csv_512_5859,Sunburst 086-3 Sunny Day,Solar Amber Goldlands,#F5E6B2,#F9F1D4,#9F9573,#FDFBF3,Professional coordinating Sunburst color palette featuring 086-3 Sunny Day. Backed fully by Sunburst paints warranty protocols. Formulated for continuous coverage.,true,SB-CAT-422W-121,2026-06-10T18:33:15.859Z
c_csv_513_5859,Sunburst 086-4 Summer Heat,Solar Amber Goldlands,#EFD999,#F6EAC6,#9B8D63,#FCF9EF,Professional coordinating Sunburst color palette featuring 086-4 Summer Heat. Backed fully by Sunburst paints warranty protocols. Formulated for continuous coverage.,true,SB-CAT-4231-122,2026-06-10T18:33:15.859Z
c_csv_514_5859,Sunburst 086-5 Gold Beach,Solar Amber Goldlands,#E6CC7F,#F1E2B8,#958452,#FBF7EB,Professional coordinating Sunburst color palette featuring 086-5 Gold Beach. Backed fully by Sunburst paints warranty protocols. Formulated for continuous coverage.,true,SB-CAT-423W-123,2026-06-10T18:33:15.859Z
c_csv_515_5859,Sunburst 086-6 Golden Goddess,Solar Amber Goldlands,#C1A23F,#DCCB95,#7D6928,#F5F1E2,Professional coordinating Sunburst color palette featuring 086-6 Golden Goddess. Backed fully by Sunburst paints warranty protocols. Formulated for continuous coverage.,true,SB-CAT-4231-124,2026-06-10T18:33:15.859Z
c_csv_516_5859,Sunburst 087-1 Stella d'Oro,Solar Amber Goldlands,#F9F3DB,#FBF8EB,#A19D8E,#FEFDF9,Professional coordinating Sunburst color palette featuring 087-1 Stella d'Oro. Backed fully by Sunburst paints warranty protocols. Formulated for continuous coverage.,true,SB-CAT-5GAL-126,2026-06-10T18:33:15.859Z
c_csv_517_5859,Sunburst 087-2 Sun Ray,Solar Amber Goldlands,#FAF1D1,#FCF7E5,#A29C87,#FEFCF8,Professional coordinating Sunburst color palette featuring 087-2 Sun Ray. Backed fully by Sunburst paints warranty protocols. Formulated for continuous coverage.,true,SB-CAT-621-127,2026-06-10T18:33:15.859Z
c_csv_518_5859,Sunburst 087-3 Sunrise on the Seine,Solar Amber Goldlands,#FDECB3,#FDF4D5,#A49974,#FEFCF3,Professional coordinating Sunburst color palette featuring 087-3 Sunrise on the Seine. Backed fully by Sunburst paints warranty protocols. Formulated for continuous coverage.,true,SB-CAT-622-128,2026-06-10T18:33:15.859Z
c_csv_519_5859,Sunburst 087-4 Tutti Fruitti,Solar Amber Goldlands,#FFE692,#FFF1C3,#A5955E,#FFFBEE,Professional coordinating Sunburst color palette featuring 087-4 Tutti Fruitti. Backed fully by Sunburst paints warranty protocols. Formulated for continuous coverage.,true,SB-CAT-6225-129,2026-06-10T18:33:15.859Z
c_csv_520_5859,Sunburst 087-5 Yellow Rose,Solar Amber Goldlands,#FFE27B,#FFEFB6,#A5924F,#FFFAEB,Professional coordinating Sunburst color palette featuring 087-5 Yellow Rose. Backed fully by Sunburst paints warranty protocols. Formulated for continuous coverage.,true,SB-CAT-8211-130,2026-06-10T18:33:15.859Z
c_csv_521_5859,Sunburst 087-6 Sunny at Heart,Solar Amber Goldlands,#FFCA21,#FFE184,#A58315,#FFF7DD,Professional coordinating Sunburst color palette featuring 087-6 Sunny at Heart. Backed fully by Sunburst paints warranty protocols. Formulated for continuous coverage.,true,SB-CAT-8215-131,2026-06-10T18:33:15.859Z
c_csv_522_5859,Sunburst 088-1 Sun City,Solar Amber Goldlands,#F7F2DE,#FAF7EC,#A09D90,#FDFDFA,Professional coordinating Sunburst color palette featuring 088-1 Sun City. Backed fully by Sunburst paints warranty protocols. Formulated for continuous coverage.,true,SB-CAT-8231-132,2026-06-10T18:33:15.859Z
c_csv_523_5859,Sunburst 088-2 Sunshine Mist,Solar Amber Goldlands,#F8F1D5,#FBF7E7,#A19C8A,#FDFCF8,Professional coordinating Sunburst color palette featuring 088-2 Sunshine Mist. Backed fully by Sunburst paints warranty protocols. Formulated for continuous coverage.,true,SB-CAT-8235-133,2026-06-10T18:33:15.859Z
c_csv_524_5859,Sunburst 088-3 Sunset Dream,Solar Amber Goldlands,#FFEDB8,#FFF5D7,#A59A77,#FFFCF4,Professional coordinating Sunburst color palette featuring 088-3 Sunset Dream. Backed fully by Sunburst paints warranty protocols. Formulated for continuous coverage.,true,SB-CAT-900C-134,2026-06-10T18:33:15.859Z
c_csv_525_5859,Sunburst 088-4 Tequila Sunrise,Solar Amber Goldlands,#FFE497,#FFF0C5,#A59462,#FFFAEF,Professional coordinating Sunburst color palette featuring 088-4 Tequila Sunrise. Backed fully by Sunburst paints warranty protocols. Formulated for continuous coverage.,true,SB-CAT-900W-135,2026-06-10T18:33:15.859Z
c_csv_526_5859,Sunburst 088-5 Sunny Side Up,Solar Amber Goldlands,#FFD974,#FFEAB2,#A58D4B,#FFF9EA,Professional coordinating Sunburst color palette featuring 088-5 Sunny Side Up. Backed fully by Sunburst paints warranty protocols. Formulated for continuous coverage.,true,SB-CAT-900C-136,2026-06-10T18:33:15.859Z
c_csv_527_5859,Sunburst 088-6 Sunny Outlook,Solar Amber Goldlands,#FFBF1A,#FFDB81,#A57C10,#FFF5DC,Professional coordinating Sunburst color palette featuring 088-6 Sunny Outlook. Backed fully by Sunburst paints warranty protocols. Formulated for continuous coverage.,true,SB-CAT-900W-137,2026-06-10T18:33:15.859Z
c_csv_528_5860,Sunburst 089-1 Golden Idol,Solar Amber Goldlands,#F9F1D9,#FBF7EA,#A19C8D,#FEFCF9,Professional coordinating Sunburst color palette featuring 089-1 Golden Idol. Backed fully by Sunburst paints warranty protocols. Formulated for continuous coverage.,true,SB-CAT-ADDC-139,2026-06-10T18:33:15.860Z
c_csv_529_5860,Sunburst 089-2 Naples Yellow,Solar Amber Goldlands,#FBEFD0,#FCF6E5,#A39B87,#FEFCF7,Professional coordinating Sunburst color palette featuring 089-2 Naples Yellow. Backed fully by Sunburst paints warranty protocols. Formulated for continuous coverage.,true,SB-CAT-ADDC-140,2026-06-10T18:33:15.860Z
c_csv_530_5860,Sunburst 089-3 My Honey,Solar Amber Goldlands,#F6E2B7,#FAEFD7,#9F9276,#FDFAF4,Professional coordinating Sunburst color palette featuring 089-3 My Honey. Backed fully by Sunburst paints warranty protocols. Formulated for continuous coverage.,true,SB-CAT-CAME-143,2026-06-10T18:33:15.860Z
c_csv_531_5860,Sunburst 089-4 Tuscon Gold,Solar Amber Goldlands,#EDCD90,#F5E3C1,#9A855D,#FCF7EE,Professional coordinating Sunburst color palette featuring 089-4 Tuscon Gold. Backed fully by Sunburst paints warranty protocols. Formulated for continuous coverage.,true,SB-CAT-CAME-144,2026-06-10T18:33:15.860Z
c_csv_532_5860,Sunburst 089-5 Temple of Gold,Solar Amber Goldlands,#DEB463,#ECD5A9,#907540,#FAF3E7,Professional coordinating Sunburst color palette featuring 089-5 Temple of Gold. Backed fully by Sunburst paints warranty protocols. Formulated for continuous coverage.,true,SB-CAT-FILL-160,2026-06-10T18:33:15.860Z
c_csv_533_5860,Sunburst 089-6 Serenade at Sunset,Solar Amber Goldlands,#C39640,#DEC595,#7E6129,#F6EFE2,Professional coordinating Sunburst color palette featuring 089-6 Serenade at Sunset. Backed fully by Sunburst paints warranty protocols. Formulated for continuous coverage.,true,SB-CAT-FILL-161,2026-06-10T18:33:15.860Z
c_csv_534_5860,Sunburst 090-1 Bananas Foster,Signature Palette,#F4E9D3,#F8F2E6,#9E9789,#FDFBF8,Professional coordinating Sunburst color palette featuring 090-1 Bananas Foster. Backed fully by Sunburst paints warranty protocols. Formulated for continuous coverage.,true,SB-CAT-GALL-164,2026-06-10T18:33:15.860Z
c_csv_535_5860,Sunburst 090-2 Bright Light,Signature Palette,#F4E2C1,#F8EFDC,#9E927D,#FDFAF5,Professional coordinating Sunburst color palette featuring 090-2 Bright Light. Backed fully by Sunburst paints warranty protocols. Formulated for continuous coverage.,true,SB-CAT-META-166,2026-06-10T18:33:15.860Z
c_csv_536_5860,Sunburst 090-3 Golden Touch,Signature Palette,#EFD8AD,#F6E9D1,#9B8C70,#FCF9F2,Professional coordinating Sunburst color palette featuring 090-3 Golden Touch. Backed fully by Sunburst paints warranty protocols. Formulated for continuous coverage.,true,SB-CAT-META-167,2026-06-10T18:33:15.860Z
c_csv_537_5860,Sunburst 090-4 Tumblestone,Signature Palette,#E3C89B,#EFE0C8,#938264,#FAF6F0,Professional coordinating Sunburst color palette featuring 090-4 Tumblestone. Backed fully by Sunburst paints warranty protocols. Formulated for continuous coverage.,true,SB-CAT-MIXM-168,2026-06-10T18:33:15.860Z
c_csv_538_5860,Sunburst 090-5 Toasted Bagel,Signature Palette,#C7A366,#E0CCAA,#816942,#F6F1E8,Professional coordinating Sunburst color palette featuring 090-5 Toasted Bagel. Backed fully by Sunburst paints warranty protocols. Formulated for continuous coverage.,true,SB-CAT-MIXM-169,2026-06-10T18:33:15.860Z
c_csv_539_5860,Sunburst 090-6 Westward Wind,Signature Palette,#AB8447,#D0BB99,#6F552E,#F2ECE3,Professional coordinating Sunburst color palette featuring 090-6 Westward Wind. Backed fully by Sunburst paints warranty protocols. Formulated for continuous coverage.,true,SB-CAT-MIXN-170,2026-06-10T18:33:15.860Z
c_csv_540_5860,Sunburst 091-1 Cheesecake Cream,Signature Palette,#F7E6CF,#FAF1E4,#A09586,#FDFBF7,Professional coordinating Sunburst color palette featuring 091-1 Cheesecake Cream. Backed fully by Sunburst paints warranty protocols. Formulated for continuous coverage.,true,SB-CAT-NEWZ-171,2026-06-10T18:33:15.860Z
c_csv_541_5860,Sunburst 091-2 High Prairie,Signature Palette,#F0D6B2,#F6E8D4,#9C8B73,#FCF8F3,Professional coordinating Sunburst color palette featuring 091-2 High Prairie. Backed fully by Sunburst paints warranty protocols. Formulated for continuous coverage.,true,SB-CAT-NEWZ-172,2026-06-10T18:33:15.860Z
c_csv_542_5860,Sunburst 091-3 Clover Honey,Signature Palette,#E7CAA0,#F1E1CA,#968368,#FBF7F0,Professional coordinating Sunburst color palette featuring 091-3 Clover Honey. Backed fully by Sunburst paints warranty protocols. Formulated for continuous coverage.,true,SB-CAT-OSPH-173,2026-06-10T18:33:15.860Z
c_csv_543_5860,Sunburst 091-4 Gabriel's Horn,Signature Palette,#E2B06A,#EFD3AD,#927244,#FAF3E8,Professional coordinating Sunburst color palette featuring 091-4 Gabriel's Horn. Backed fully by Sunburst paints warranty protocols. Formulated for continuous coverage.,true,SB-CAT-PAIN-177,2026-06-10T18:33:15.860Z
c_csv_544_5860,Sunburst 091-5 Magic Wand,Signature Palette,#C89B5F,#E0C8A7,#82643D,#F6F0E7,Professional coordinating Sunburst color palette featuring 091-5 Magic Wand. Backed fully by Sunburst paints warranty protocols. Formulated for continuous coverage.,true,SB-CAT-PAIN-178,2026-06-10T18:33:15.860Z
c_csv_545_5860,Sunburst 091-6 Golden Oldie,Signature Palette,#B3854A,#D5BB9B,#745630,#F3ECE3,Professional coordinating Sunburst color palette featuring 091-6 Golden Oldie. Backed fully by Sunburst paints warranty protocols. Formulated for continuous coverage.,true,SB-CAT-PLAS-180,2026-06-10T18:33:15.860Z
c_csv_546_5860,Sunburst 092-1 Pale Sunshine,Signature Palette,#F9F0D3,#FBF6E6,#A19C89,#FEFCF8,Professional coordinating Sunburst color palette featuring 092-1 Pale Sunshine. Backed fully by Sunburst paints warranty protocols. Formulated for continuous coverage.,true,SB-CAT-RED-188,2026-06-10T18:33:15.860Z
c_csv_547_5860,Sunburst 092-2 Big Yellow Flower,Signature Palette,#FAECC4,#FCF4DE,#A2997F,#FEFCF6,Professional coordinating Sunburst color palette featuring 092-2 Big Yellow Flower. Backed fully by Sunburst paints warranty protocols. Formulated for continuous coverage.,true,SB-CAT-TEST-199,2026-06-10T18:33:15.860Z
c_csv_548_5860,Sunburst 092-3 Pale Crescent,Signature Palette,#FEE7B1,#FEF1D4,#A59673,#FEFBF3,Professional coordinating Sunburst color palette featuring 092-3 Pale Crescent. Backed fully by Sunburst paints warranty protocols. Formulated for continuous coverage.,true,SB-CAT-THIN-201,2026-06-10T18:33:15.860Z
c_csv_549_5860,Sunburst 092-4 Lovely Light Lemon,Signature Palette,#FFDF9C,#FFEDC8,#A59065,#FFFAF0,Professional coordinating Sunburst color palette featuring 092-4 Lovely Light Lemon. Backed fully by Sunburst paints warranty protocols. Formulated for continuous coverage.,true,SB-CAT-TOUC-202,2026-06-10T18:33:15.860Z
c_csv_550_5860,Sunburst 092-5 Twist of Lemon,Signature Palette,#FCD078,#FDE5B4,#A3874E,#FEF7EA,Professional coordinating Sunburst color palette featuring 092-5 Twist of Lemon. Backed fully by Sunburst paints warranty protocols. Formulated for continuous coverage.,true,SB-CAT-TRAF-203,2026-06-10T18:33:15.860Z
c_csv_551_5860,Sunburst 092-6 Luscious Lemon,Signature Palette,#EEAC2C,#F5D18A,#9A6F1C,#FCF2DF,Professional coordinating Sunburst color palette featuring 092-6 Luscious Lemon. Backed fully by Sunburst paints warranty protocols. Formulated for continuous coverage.,true,SB-CAT-TRAF-205,2026-06-10T18:33:15.860Z
c_csv_552_5860,Sunburst 093-1 Power of Gold,Signature Palette,#F6F2E1,#FAF7EE,#9F9D92,#FDFDFA,Professional coordinating Sunburst color palette featuring 093-1 Power of Gold. Backed fully by Sunburst paints warranty protocols. Formulated for continuous coverage.,true,SB-CAT-TROP-206,2026-06-10T18:33:15.860Z
c_csv_553_5860,Sunburst 093-2 Canary Island,Signature Palette,#F9EED1,#FBF5E5,#A19A87,#FEFCF8,Professional coordinating Sunburst color palette featuring 093-2 Canary Island. Backed fully by Sunburst paints warranty protocols. Formulated for continuous coverage.,true,SB-CAT-TROP-207,2026-06-10T18:33:15.860Z
c_csv_554_5860,Sunburst 093-3 Hair Ribbon,Signature Palette,#FCE9BD,#FDF2DA,#A3977A,#FEFBF5,Professional coordinating Sunburst color palette featuring 093-3 Hair Ribbon. Backed fully by Sunburst paints warranty protocols. Formulated for continuous coverage.,true,SB-CAT-UB5G-208,2026-06-10T18:33:15.860Z
c_csv_555_5860,Sunburst 093-4 Jonquil Trail,Signature Palette,#FFE098,#FFEDC6,#A59162,#FFFAEF,Professional coordinating Sunburst color palette featuring 093-4 Jonquil Trail. Backed fully by Sunburst paints warranty protocols. Formulated for continuous coverage.,true,SB-CAT-UBTA-209,2026-06-10T18:33:15.860Z
c_csv_556_5860,Sunburst 093-5 Yellow Sass,Signature Palette,#FFD776,#FFE9B3,#A58B4C,#FFF9EA,Professional coordinating Sunburst color palette featuring 093-5 Yellow Sass. Backed fully by Sunburst paints warranty protocols. Formulated for continuous coverage.,true,SB-CAT-UBTA-210,2026-06-10T18:33:15.860Z
c_csv_557_5860,Sunburst 093-6 Rain Slicker,Signature Palette,#FFB500,#FFD672,#A57500,#FFF3D8,Professional coordinating Sunburst color palette featuring 093-6 Rain Slicker. Backed fully by Sunburst paints warranty protocols. Formulated for continuous coverage.,true,SB-CAT-ZEAL-216,2026-06-10T18:33:15.860Z
c_csv_558_5860,Sunburst 094-1 Royal Touch,Signature Palette,#FCEBC9,#FDF4E1,#A39882,#FEFCF6,Professional coordinating Sunburst color palette featuring 094-1 Royal Touch. Backed fully by Sunburst paints warranty protocols. Formulated for continuous coverage.,true,SB-CAT-2000-101,2026-06-10T18:33:15.860Z
c_csv_559_5860,Sunburst 094-2 Lemon Note,Signature Palette,#FFE5B7,#FFF0D7,#A59476,#FFFBF4,Professional coordinating Sunburst color palette featuring 094-2 Lemon Note. Backed fully by Sunburst paints warranty protocols. Formulated for continuous coverage.,true,SB-CAT-2000-102,2026-06-10T18:33:15.860Z
c_csv_560_5860,Sunburst 094-3 Nana Yellow,Signature Palette,#FFDDA4,#FFECCC,#A58F6A,#FFF9F1,Professional coordinating Sunburst color palette featuring 094-3 Nana Yellow. Backed fully by Sunburst paints warranty protocols. Formulated for continuous coverage.,true,SB-CAT-2000-103,2026-06-10T18:33:15.860Z
c_csv_561_5860,Sunburst 094-4 Pale Daisy,Signature Palette,#FFD38D,#FFE6C0,#A5895B,#FFF8ED,Professional coordinating Sunburst color palette featuring 094-4 Pale Daisy. Backed fully by Sunburst paints warranty protocols. Formulated for continuous coverage.,true,SB-CAT-3001-105,2026-06-10T18:33:15.860Z
c_csv_562_5860,Sunburst 094-5 My Sunny Day,Signature Palette,#FFC166,#FFDCAA,#A57D42,#FFF5E8,Professional coordinating Sunburst color palette featuring 094-5 My Sunny Day. Backed fully by Sunburst paints warranty protocols. Formulated for continuous coverage.,true,SB-CAT-3211-106,2026-06-10T18:33:15.860Z
c_csv_563_5860,Sunburst 094-6 Austin Sun,Signature Palette,#F1A029,#F7CA89,#9C681A,#FCF0DE,Professional coordinating Sunburst color palette featuring 094-6 Austin Sun. Backed fully by Sunburst paints warranty protocols. Formulated for continuous coverage.,true,SB-CAT-3215-107,2026-06-10T18:33:15.860Z
c_csv_564_5860,Sunburst 095-1 King's Choice,Signature Palette,#F5F1E3,#F9F7EF,#9F9C93,#FDFCFA,Professional coordinating Sunburst color palette featuring 095-1 King's Choice. Backed fully by Sunburst paints warranty protocols. Formulated for continuous coverage.,true,SB-CAT-3221-108,2026-06-10T18:33:15.860Z
c_csv_565_5860,Sunburst 095-2 Yellow Cream,Signature Palette,#FBE5BC,#FCF0DA,#A3947A,#FEFBF4,Professional coordinating Sunburst color palette featuring 095-2 Yellow Cream. Backed fully by Sunburst paints warranty protocols. Formulated for continuous coverage.,true,SB-CAT-3225-109,2026-06-10T18:33:15.860Z
c_csv_566_5860,Sunburst 095-3 Lynelle Yellow,Signature Palette,#FDDFAB,#FDEDD0,#A4906F,#FEFAF2,Professional coordinating Sunburst color palette featuring 095-3 Lynelle Yellow. Backed fully by Sunburst paints warranty protocols. Formulated for continuous coverage.,true,SB-CAT-3PCP-111,2026-06-10T18:33:15.860Z
c_csv_567_5860,Sunburst 095-4 Waves of Wheat,Signature Palette,#FAD397,#FCE6C5,#A28962,#FEF8EF,Professional coordinating Sunburst color palette featuring 095-4 Waves of Wheat. Backed fully by Sunburst paints warranty protocols. Formulated for continuous coverage.,true,SB-CAT-400C-114,2026-06-10T18:33:15.860Z
c_csv_568_5860,Sunburst 095-5 Spanish Saffron,Signature Palette,#F0BE76,#F6DBB3,#9C7B4C,#FCF5EA,Professional coordinating Sunburst color palette featuring 095-5 Spanish Saffron. Backed fully by Sunburst paints warranty protocols. Formulated for continuous coverage.,true,SB-CAT-400C-115,2026-06-10T18:33:15.860Z
c_csv_569_5860,Sunburst 095-6 Ring of Gold,Signature Palette,#D8973D,#E9C594,#8C6227,#F9EFE1,Professional coordinating Sunburst color palette featuring 095-6 Ring of Gold. Backed fully by Sunburst paints warranty protocols. Formulated for continuous coverage.,true,SB-CAT-400W-116,2026-06-10T18:33:15.860Z
c_csv_570_5860,Sunburst 096-1 Santa Fe Sun,Signature Palette,#F6ECD8,#FAF4E9,#9F998C,#FDFCF9,Professional coordinating Sunburst color palette featuring 096-1 Santa Fe Sun. Backed fully by Sunburst paints warranty protocols. Formulated for continuous coverage.,true,SB-CAT-400W-117,2026-06-10T18:33:15.860Z
c_csv_571_5860,Sunburst 096-2 Lemon Mist,Signature Palette,#F9E3C0,#FBEFDC,#A1937C,#FEFAF5,Professional coordinating Sunburst color palette featuring 096-2 Lemon Mist. Backed fully by Sunburst paints warranty protocols. Formulated for continuous coverage.,true,SB-CAT-421C-118,2026-06-10T18:33:15.860Z
c_csv_572_5860,Sunburst 096-3 Sundrenched Sand,Signature Palette,#FBD8A8,#FCE9CF,#A38C6D,#FEF9F1,Professional coordinating Sunburst color palette featuring 096-3 Sundrenched Sand. Backed fully by Sunburst paints warranty protocols. Formulated for continuous coverage.,true,SB-CAT-421C-119,2026-06-10T18:33:15.860Z
c_csv_573_5860,Sunburst 096-4 Buttered Toast,Signature Palette,#F1C187,#F7DCBD,#9C7D57,#FCF5ED,Professional coordinating Sunburst color palette featuring 096-4 Buttered Toast. Backed fully by Sunburst paints warranty protocols. Formulated for continuous coverage.,true,SB-CAT-4221-120,2026-06-10T18:33:15.860Z
c_csv_574_5860,Sunburst 096-5 Nugget Shine,Signature Palette,#DC9F57,#EBCAA2,#8F6738,#F9F0E5,Professional coordinating Sunburst color palette featuring 096-5 Nugget Shine. Backed fully by Sunburst paints warranty protocols. Formulated for continuous coverage.,true,SB-CAT-422W-121,2026-06-10T18:33:15.860Z
c_csv_575_5860,Sunburst 096-6 Memoir Gold,Signature Palette,#CC8D45,#E2C098,#845B2C,#F7EDE3,Professional coordinating Sunburst color palette featuring 096-6 Memoir Gold. Backed fully by Sunburst paints warranty protocols. Formulated for continuous coverage.,true,SB-CAT-4231-122,2026-06-10T18:33:15.860Z
c_csv_576_5860,Sunburst 097-1 Prairie Sunset,Signature Palette,#F8F1DE,#FBF7EC,#A19C90,#FDFCFA,Professional coordinating Sunburst color palette featuring 097-1 Prairie Sunset. Backed fully by Sunburst paints warranty protocols. Formulated for continuous coverage.,true,SB-CAT-423W-123,2026-06-10T18:33:15.860Z
c_csv_577_5860,Sunburst 097-2 Lemon Frost,Signature Palette,#FDEBC8,#FDF4E0,#A49882,#FEFCF6,Professional coordinating Sunburst color palette featuring 097-2 Lemon Frost. Backed fully by Sunburst paints warranty protocols. Formulated for continuous coverage.,true,SB-CAT-4231-124,2026-06-10T18:33:15.860Z
c_csv_578_5860,Sunburst 097-3 Lemon Basil,Signature Palette,#FFE7B8,#FFF1D7,#A59677,#FFFBF4,Professional coordinating Sunburst color palette featuring 097-3 Lemon Basil. Backed fully by Sunburst paints warranty protocols. Formulated for continuous coverage.,true,SB-CAT-5GAL-126,2026-06-10T18:33:15.860Z
c_csv_579_5860,Sunburst 097-4 Spring Sunlight,Signature Palette,#FFDA92,#FFEAC3,#A58D5E,#FFF9EE,Professional coordinating Sunburst color palette featuring 097-4 Spring Sunlight. Backed fully by Sunburst paints warranty protocols. Formulated for continuous coverage.,true,SB-CAT-621-127,2026-06-10T18:33:15.860Z
c_csv_580_5860,Sunburst 097-5 Tempting Touch,Signature Palette,#FFCA68,#FFE1AB,#A58343,#FFF7E8,Professional coordinating Sunburst color palette featuring 097-5 Tempting Touch. Backed fully by Sunburst paints warranty protocols. Formulated for continuous coverage.,true,SB-CAT-622-128,2026-06-10T18:33:15.860Z
c_csv_581_5860,Sunburst 097-6 Sunny Saturday,Signature Palette,#FFA804,#FFCF74,#A56D02,#FFF1D9,Professional coordinating Sunburst color palette featuring 097-6 Sunny Saturday. Backed fully by Sunburst paints warranty protocols. Formulated for continuous coverage.,true,SB-CAT-6225-129,2026-06-10T18:33:15.860Z
c_csv_582_5860,Sunburst 098-1 Orange Celebrity,Signature Palette,#FAEED7,#FCF5E9,#A29A8B,#FEFCF9,Professional coordinating Sunburst color palette featuring 098-1 Orange Celebrity. Backed fully by Sunburst paints warranty protocols. Formulated for continuous coverage.,true,SB-CAT-8211-130,2026-06-10T18:33:15.860Z
c_csv_583_5860,Sunburst 098-2 Lemon Light,Signature Palette,#FFE8C1,#FFF2DC,#A5967D,#FFFBF5,Professional coordinating Sunburst color palette featuring 098-2 Lemon Light. Backed fully by Sunburst paints warranty protocols. Formulated for continuous coverage.,true,SB-CAT-8215-131,2026-06-10T18:33:15.860Z
c_csv_584_5860,Sunburst 098-3 Lemon Tart,Signature Palette,#FFE1AE,#FFEED2,#A59271,#FFFAF2,Professional coordinating Sunburst color palette featuring 098-3 Lemon Tart. Backed fully by Sunburst paints warranty protocols. Formulated for continuous coverage.,true,SB-CAT-8231-132,2026-06-10T18:33:15.860Z
c_csv_585_5860,Sunburst 098-4 Mac n' Cheese,Signature Palette,#FFCF8B,#FFE4BF,#A5865A,#FFF7ED,Professional coordinating Sunburst color palette featuring 098-4 Mac n' Cheese. Backed fully by Sunburst paints warranty protocols. Formulated for continuous coverage.,true,SB-CAT-8235-133,2026-06-10T18:33:15.860Z
c_csv_586_5860,Sunburst 098-5 Tangerine Sherbet,Signature Palette,#FFBB60,#FFD9A7,#A5793E,#FFF4E7,Professional coordinating Sunburst color palette featuring 098-5 Tangerine Sherbet. Backed fully by Sunburst paints warranty protocols. Formulated for continuous coverage.,true,SB-CAT-900C-134,2026-06-10T18:33:15.860Z
c_csv_587_5860,Sunburst 098-6 Plenty of Sunshine,Signature Palette,#FFA21C,#FFCB82,#A56912,#FFF1DC,Professional coordinating Sunburst color palette featuring 098-6 Plenty of Sunshine. Backed fully by Sunburst paints warranty protocols. Formulated for continuous coverage.,true,SB-CAT-900W-135,2026-06-10T18:33:15.860Z
c_csv_588_5860,Sunburst 099-1 Mexican Spice,Signature Palette,#F8EEDA,#FBF5EA,#A19A8D,#FDFCF9,Professional coordinating Sunburst color palette featuring 099-1 Mexican Spice. Backed fully by Sunburst paints warranty protocols. Formulated for continuous coverage.,true,SB-CAT-900C-136,2026-06-10T18:33:15.860Z
c_csv_589_5860,Sunburst 099-2 Rich Cream,Signature Palette,#FBEBCE,#FCF4E4,#A39885,#FEFCF7,Professional coordinating Sunburst color palette featuring 099-2 Rich Cream. Backed fully by Sunburst paints warranty protocols. Formulated for continuous coverage.,true,SB-CAT-900W-137,2026-06-10T18:33:15.860Z
c_csv_590_5860,Sunburst 099-3 Lemon Leaf,Signature Palette,#FDE6C2,#FDF1DD,#A4957E,#FEFBF5,Professional coordinating Sunburst color palette featuring 099-3 Lemon Leaf. Backed fully by Sunburst paints warranty protocols. Formulated for continuous coverage.,true,SB-CAT-ADDC-139,2026-06-10T18:33:15.860Z
c_csv_591_5860,Sunburst 099-4 Lemon Like,Signature Palette,#FFD9A1,#FFEACB,#A58D68,#FFF9F0,Professional coordinating Sunburst color palette featuring 099-4 Lemon Like. Backed fully by Sunburst paints warranty protocols. Formulated for continuous coverage.,true,SB-CAT-ADDC-140,2026-06-10T18:33:15.860Z
c_csv_592_5860,Sunburst 099-5 Lady Vanessa,Signature Palette,#FFC982,#FFE1BA,#A58254,#FFF6EC,Professional coordinating Sunburst color palette featuring 099-5 Lady Vanessa. Backed fully by Sunburst paints warranty protocols. Formulated for continuous coverage.,true,SB-CAT-CAME-143,2026-06-10T18:33:15.860Z
c_csv_593_5860,Sunburst 099-6 Sweet Sunrise,Signature Palette,#FF9428,#FFC488,#A5601A,#FFEEDE,Professional coordinating Sunburst color palette featuring 099-6 Sweet Sunrise. Backed fully by Sunburst paints warranty protocols. Formulated for continuous coverage.,true,SB-CAT-CAME-144,2026-06-10T18:33:15.860Z
c_csv_594_5860,Sunburst 100-1 Spice of Life,Signature Palette,#F6EFE1,#FAF6EE,#9F9B92,#FDFCFA,Professional coordinating Sunburst color palette featuring 100-1 Spice of Life. Backed fully by Sunburst paints warranty protocols. Formulated for continuous coverage.,true,SB-CAT-FILL-160,2026-06-10T18:33:15.860Z
c_csv_595_5860,Sunburst 100-2 Karen Cream,Signature Palette,#F8E9D3,#FBF2E6,#A19789,#FDFBF8,Professional coordinating Sunburst color palette featuring 100-2 Karen Cream. Backed fully by Sunburst paints warranty protocols. Formulated for continuous coverage.,true,SB-CAT-FILL-161,2026-06-10T18:33:15.860Z
c_csv_596_5860,Sunburst 100-3 Italian Sun,Signature Palette,#FCDFBD,#FDEDDA,#A3907A,#FEFAF5,Professional coordinating Sunburst color palette featuring 100-3 Italian Sun. Backed fully by Sunburst paints warranty protocols. Formulated for continuous coverage.,true,SB-CAT-GALL-164,2026-06-10T18:33:15.860Z
c_csv_597_5860,Sunburst 100-4 Light Ginger,Signature Palette,#F8C191,#FBDCC2,#A17D5E,#FDF5EE,Professional coordinating Sunburst color palette featuring 100-4 Light Ginger. Backed fully by Sunburst paints warranty protocols. Formulated for continuous coverage.,true,SB-CAT-META-166,2026-06-10T18:33:15.860Z
c_csv_598_5860,Sunburst 100-5 King Arthur,Signature Palette,#E29859,#EFC6A3,#926239,#FAEFE6,Professional coordinating Sunburst color palette featuring 100-5 King Arthur. Backed fully by Sunburst paints warranty protocols. Formulated for continuous coverage.,true,SB-CAT-META-167,2026-06-10T18:33:15.860Z
c_csv_599_5860,Sunburst 100-6 Titan's Glory,Signature Palette,#CB7F45,#E2B898,#83522C,#F7EBE3,Professional coordinating Sunburst color palette featuring 100-6 Titan's Glory. Backed fully by Sunburst paints warranty protocols. Formulated for continuous coverage.,true,SB-CAT-MIXM-168,2026-06-10T18:33:15.860Z
c_csv_600_5860,Sunburst 101-1 Nice Spice,Signature Palette,#F8EBD7,#FBF4E9,#A1988B,#FDFCF9,Professional coordinating Sunburst color palette featuring 101-1 Nice Spice. Backed fully by Sunburst paints warranty protocols. Formulated for continuous coverage.,true,SB-CAT-MIXM-169,2026-06-10T18:33:15.860Z
c_csv_601_5860,Sunburst 101-2 Good Morning Sunshine,Signature Palette,#FCE8CD,#FDF2E3,#A39685,#FEFBF7,Professional coordinating Sunburst color palette featuring 101-2 Good Morning Sunshine. Backed fully by Sunburst paints warranty protocols. Formulated for continuous coverage.,true,SB-CAT-MIXN-170,2026-06-10T18:33:15.860Z
c_csv_602_5860,Sunburst 101-3 High Noon,Signature Palette,#FEE4C1,#FEF0DC,#A5947D,#FEFAF5,Professional coordinating Sunburst color palette featuring 101-3 High Noon. Backed fully by Sunburst paints warranty protocols. Formulated for continuous coverage.,true,SB-CAT-NEWZ-171,2026-06-10T18:33:15.860Z
c_csv_603_5860,Sunburst 101-4 Soft Orange,Signature Palette,#FFD6A9,#FFE8CF,#A58B6D,#FFF8F2,Professional coordinating Sunburst color palette featuring 101-4 Soft Orange. Backed fully by Sunburst paints warranty protocols. Formulated for continuous coverage.,true,SB-CAT-NEWZ-172,2026-06-10T18:33:15.860Z
c_csv_604_5860,Sunburst 101-5 Peach Melba,Signature Palette,#FFB06F,#FFD3AF,#A57248,#FFF3E9,Professional coordinating Sunburst color palette featuring 101-5 Peach Melba. Backed fully by Sunburst paints warranty protocols. Formulated for continuous coverage.,true,SB-CAT-OSPH-173,2026-06-10T18:33:15.860Z
c_csv_605_5860,Sunburst 101-6 Southwest Magic,Signature Palette,#F88035,#FBB98F,#A15322,#FDEBE0,Professional coordinating Sunburst color palette featuring 101-6 Southwest Magic. Backed fully by Sunburst paints warranty protocols. Formulated for continuous coverage.,true,SB-CAT-PAIN-177,2026-06-10T18:33:15.860Z
c_csv_606_5860,Sunburst 102-1 Orange Grove,Signature Palette,#F7ECDB,#FAF4EB,#A0998E,#FDFCF9,Professional coordinating Sunburst color palette featuring 102-1 Orange Grove. Backed fully by Sunburst paints warranty protocols. Formulated for continuous coverage.,true,SB-CAT-PAIN-178,2026-06-10T18:33:15.860Z
c_csv_607_5860,Sunburst 102-2 Fresh Ivory,Signature Palette,#FAE4CB,#FCF0E2,#A29483,#FEFAF7,Professional coordinating Sunburst color palette featuring 102-2 Fresh Ivory. Backed fully by Sunburst paints warranty protocols. Formulated for continuous coverage.,true,SB-CAT-PLAS-180,2026-06-10T18:33:15.860Z
c_csv_608_5860,Sunburst 102-3 Honey Bunch,Signature Palette,#FEDCBA,#FEEBD9,#A58F78,#FEF9F4,Professional coordinating Sunburst color palette featuring 102-3 Honey Bunch. Backed fully by Sunburst paints warranty protocols. Formulated for continuous coverage.,true,SB-CAT-RED-188,2026-06-10T18:33:15.860Z
c_csv_609_5860,Sunburst 102-4 Mojave Sand,Signature Palette,#FAC295,#FCDDC4,#A27E60,#FEF5EF,Professional coordinating Sunburst color palette featuring 102-4 Mojave Sand. Backed fully by Sunburst paints warranty protocols. Formulated for continuous coverage.,true,SB-CAT-TEST-199,2026-06-10T18:33:15.860Z
c_csv_610_5860,Sunburst 102-5 Imperial Majesty,Signature Palette,#F1AC78,#F7D1B4,#9C6F4E,#FCF2EA,Professional coordinating Sunburst color palette featuring 102-5 Imperial Majesty. Backed fully by Sunburst paints warranty protocols. Formulated for continuous coverage.,true,SB-CAT-THIN-201,2026-06-10T18:33:15.860Z
c_csv_611_5860,Sunburst 102-6 Lucky Chance,Signature Palette,#D88346,#E9BA99,#8C552D,#F9ECE3,Professional coordinating Sunburst color palette featuring 102-6 Lucky Chance. Backed fully by Sunburst paints warranty protocols. Formulated for continuous coverage.,true,SB-CAT-TOUC-202,2026-06-10T18:33:15.860Z
c_csv_612_5860,Sunburst 103-1 Navajo Jewel,Signature Palette,#F7EEDF,#FAF5ED,#A09A90,#FDFCFA,Professional coordinating Sunburst color palette featuring 103-1 Navajo Jewel. Backed fully by Sunburst paints warranty protocols. Formulated for continuous coverage.,true,SB-CAT-TRAF-203,2026-06-10T18:33:15.860Z
c_csv_613_5860,Sunburst 103-2 Ice Cream Social,Signature Palette,#FDE8D3,#FDF2E6,#A49689,#FEFBF8,Professional coordinating Sunburst color palette featuring 103-2 Ice Cream Social. Backed fully by Sunburst paints warranty protocols. Formulated for continuous coverage.,true,SB-CAT-TRAF-205,2026-06-10T18:33:15.860Z
c_csv_614_5860,Sunburst 103-3 Frosty Orange,Signature Palette,#FFD3B2,#FFE6D4,#A58973,#FFF8F3,Professional coordinating Sunburst color palette featuring 103-3 Frosty Orange. Backed fully by Sunburst paints warranty protocols. Formulated for continuous coverage.,true,SB-CAT-TROP-206,2026-06-10T18:33:15.860Z
c_csv_615_5860,Sunburst 103-4 Orange Frappe,Signature Palette,#FFBF9A,#FFDBC7,#A57C64,#FFF5EF,Professional coordinating Sunburst color palette featuring 103-4 Orange Frappe. Backed fully by Sunburst paints warranty protocols. Formulated for continuous coverage.,true,SB-CAT-TROP-207,2026-06-10T18:33:15.860Z
c_csv_616_5860,Sunburst 103-5 Orange Delicia,Signature Palette,#FDA579,#FDCDB5,#A46B4E,#FEF1EA,Professional coordinating Sunburst color palette featuring 103-5 Orange Delicia. Backed fully by Sunburst paints warranty protocols. Formulated for continuous coverage.,true,SB-CAT-UB5G-208,2026-06-10T18:33:15.860Z
c_csv_617_5860,Sunburst 103-6 Orange Nasturtium,Signature Palette,#E37544,#EFB398,#934C2C,#FAEAE2,Professional coordinating Sunburst color palette featuring 103-6 Orange Nasturtium. Backed fully by Sunburst paints warranty protocols. Formulated for continuous coverage.,true,SB-CAT-UBTA-209,2026-06-10T18:33:15.860Z
c_csv_618_5860,Sunburst 104-1 Terra Nova,Signature Palette,#FBEAD9,#FCF3EA,#A3988D,#FEFBF9,Professional coordinating Sunburst color palette featuring 104-1 Terra Nova. Backed fully by Sunburst paints warranty protocols. Formulated for continuous coverage.,true,SB-CAT-UBTA-210,2026-06-10T18:33:15.860Z
c_csv_619_5860,Sunburst 104-2 Hush Blush,Signature Palette,#FCD8BF,#FDE9DB,#A38C7C,#FEF9F5,Professional coordinating Sunburst color palette featuring 104-2 Hush Blush. Backed fully by Sunburst paints warranty protocols. Formulated for continuous coverage.,true,SB-CAT-ZEAL-216,2026-06-10T18:33:15.860Z
c_csv_620_5860,Sunburst 104-3 Dainty Daze,Signature Palette,#FECEB0,#FEE4D3,#A58572,#FEF7F3,Professional coordinating Sunburst color palette featuring 104-3 Dainty Daze. Backed fully by Sunburst paints warranty protocols. Formulated for continuous coverage.,true,SB-CAT-2000-101,2026-06-10T18:33:15.860Z
c_csv_621_5860,Sunburst 104-4 Orange Mist,Signature Palette,#F8B795,#FBD7C4,#A17660,#FDF4EF,Professional coordinating Sunburst color palette featuring 104-4 Orange Mist. Backed fully by Sunburst paints warranty protocols. Formulated for continuous coverage.,true,SB-CAT-2000-102,2026-06-10T18:33:15.860Z
c_csv_622_5860,Sunburst 104-5 Nasturtium Blossom,Signature Palette,#F2A27D,#F7CBB7,#9D6951,#FDF1EB,Professional coordinating Sunburst color palette featuring 104-5 Nasturtium Blossom. Backed fully by Sunburst paints warranty protocols. Formulated for continuous coverage.,true,SB-CAT-2000-103,2026-06-10T18:33:15.860Z
c_csv_623_5860,Sunburst 104-6 Orange Punch,Signature Palette,#D06D43,#E5AE97,#87462B,#F7E9E2,Professional coordinating Sunburst color palette featuring 104-6 Orange Punch. Backed fully by Sunburst paints warranty protocols. Formulated for continuous coverage.,true,SB-CAT-3001-105,2026-06-10T18:33:15.860Z
c_csv_624_5860,Sunburst 105-1 Copper Desert,Signature Palette,#F9DCC8,#FBEBE0,#A18F82,#FEF9F6,Professional coordinating Sunburst color palette featuring 105-1 Copper Desert. Backed fully by Sunburst paints warranty protocols. Formulated for continuous coverage.,true,SB-CAT-3211-106,2026-06-10T18:33:15.860Z
c_csv_625_5860,Sunburst 105-2 Cinnamon Swept,Signature Palette,#F6D1B7,#FAE5D7,#9F8776,#FDF8F4,Professional coordinating Sunburst color palette featuring 105-2 Cinnamon Swept. Backed fully by Sunburst paints warranty protocols. Formulated for continuous coverage.,true,SB-CAT-3215-107,2026-06-10T18:33:15.860Z
c_csv_626_5860,Sunburst 105-3 Cinnabar Sand,Signature Palette,#ECB498,#F4D5C6,#997562,#FCF3EF,Professional coordinating Sunburst color palette featuring 105-3 Cinnabar Sand. Backed fully by Sunburst paints warranty protocols. Formulated for continuous coverage.,true,SB-CAT-3221-108,2026-06-10T18:33:15.860Z
c_csv_627_5860,Sunburst 105-4 Indian Paintbrush,Signature Palette,#E09B7B,#EDC8B6,#91644F,#FAF0EB,Professional coordinating Sunburst color palette featuring 105-4 Indian Paintbrush. Backed fully by Sunburst paints warranty protocols. Formulated for continuous coverage.,true,SB-CAT-3225-109,2026-06-10T18:33:15.860Z
c_csv_628_5860,Sunburst 105-5 Luma Orange,Signature Palette,#CE7C59,#E4B6A3,#855039,#F7EBE6,Professional coordinating Sunburst color palette featuring 105-5 Luma Orange. Backed fully by Sunburst paints warranty protocols. Formulated for continuous coverage.,true,SB-CAT-3PCP-111,2026-06-10T18:33:15.860Z
c_csv_629_5860,Sunburst 105-6 Moroccan Clay,Signature Palette,#AC6349,#D1A99A,#6F402F,#F2E7E3,Professional coordinating Sunburst color palette featuring 105-6 Moroccan Clay. Backed fully by Sunburst paints warranty protocols. Formulated for continuous coverage.,true,SB-CAT-400C-114,2026-06-10T18:33:15.860Z
c_csv_630_5860,Sunburst 106-1 Grand Flourish,Signature Palette,#FADEC9,#FCECE1,#A29082,#FEFAF6,Professional coordinating Sunburst color palette featuring 106-1 Grand Flourish. Backed fully by Sunburst paints warranty protocols. Formulated for continuous coverage.,true,SB-CAT-400C-115,2026-06-10T18:33:15.860Z
c_csv_631_5860,Sunburst 106-2 Defining Moment,Signature Palette,#F2BFA1,#F7DBCB,#9D7C68,#FDF5F0,Professional coordinating Sunburst color palette featuring 106-2 Defining Moment. Backed fully by Sunburst paints warranty protocols. Formulated for continuous coverage.,true,SB-CAT-400W-116,2026-06-10T18:33:15.860Z
c_csv_632_5860,Sunburst 106-3 Dash of Cinnamon,Signature Palette,#DFA183,#EDCBBA,#906855,#FAF0EC,Professional coordinating Sunburst color palette featuring 106-3 Dash of Cinnamon. Backed fully by Sunburst paints warranty protocols. Formulated for continuous coverage.,true,SB-CAT-400W-117,2026-06-10T18:33:15.860Z
c_csv_633_5860,Sunburst 106-4 Ember Afternoon,Signature Palette,#D28F72,#E6C1B1,#885C4A,#F8EEE9,Professional coordinating Sunburst color palette featuring 106-4 Ember Afternoon. Backed fully by Sunburst paints warranty protocols. Formulated for continuous coverage.,true,SB-CAT-421C-118,2026-06-10T18:33:15.860Z
c_csv_634_5860,Sunburst 106-5 Handmade Pottery,Signature Palette,#BB7454,#D9B2A0,#794B36,#F4EAE5,Professional coordinating Sunburst color palette featuring 106-5 Handmade Pottery. Backed fully by Sunburst paints warranty protocols. Formulated for continuous coverage.,true,SB-CAT-421C-119,2026-06-10T18:33:15.860Z
c_csv_635_5860,Sunburst 106-6 Copper Penny,Signature Palette,#AE664A,#D2AA9B,#714230,#F2E8E3,Professional coordinating Sunburst color palette featuring 106-6 Copper Penny. Backed fully by Sunburst paints warranty protocols. Formulated for continuous coverage.,true,SB-CAT-4221-120,2026-06-10T18:33:15.860Z
c_csv_636_5860,Sunburst 107-1 Elmo's Fire,Signature Palette,#F8ECDF,#FBF4ED,#A19990,#FDFCFA,Professional coordinating Sunburst color palette featuring 107-1 Elmo's Fire. Backed fully by Sunburst paints warranty protocols. Formulated for continuous coverage.,true,SB-CAT-422W-121,2026-06-10T18:33:15.860Z
c_csv_637_5860,Sunburst 107-2 Diamante,Signature Palette,#FEDBC7,#FEEBE0,#A58E81,#FEF9F6,Professional coordinating Sunburst color palette featuring 107-2 Diamante. Backed fully by Sunburst paints warranty protocols. Formulated for continuous coverage.,true,SB-CAT-4231-122,2026-06-10T18:33:15.860Z
c_csv_638_5860,Sunburst 112-6 Steamed Shrimp,Signature Palette,#AD4F4A,#D19E9B,#703330,#F2E4E3,Professional coordinating Sunburst color palette featuring 112-6 Steamed Shrimp. Backed fully by Sunburst paints warranty protocols. Formulated for continuous coverage.,true,SB-CAT-423W-123,2026-06-10T18:33:15.860Z
c_csv_639_5860,Sunburst OW-1-1 Whispering Wind,Off-White Collection,#F1E7D3,#F7F1E6,#9C9689,#FCFBF8,Professional coordinating Sunburst color palette featuring OW-1-1 Whispering Wind. Backed fully by Sunburst paints warranty protocols. Formulated for continuous coverage.,true,SB-CAT-4231-124,2026-06-10T18:33:15.860Z
c_csv_640_5860,Sunburst OW-1-2 Pale Blossom,Off-White Collection,#F6F0DF,#FAF6ED,#9F9C90,#FDFCFA,Professional coordinating Sunburst color palette featuring OW-1-2 Pale Blossom. Backed fully by Sunburst paints warranty protocols. Formulated for continuous coverage.,true,SB-CAT-5GAL-126,2026-06-10T18:33:15.860Z
c_csv_641_5860,Sunburst OW-1-3 Glistening Pearl,Off-White Collection,#F4F0E2,#F8F6EF,#9E9C92,#FDFCFA,Professional coordinating Sunburst color palette featuring OW-1-3 Glistening Pearl. Backed fully by Sunburst paints warranty protocols. Formulated for continuous coverage.,true,SB-CAT-621-127,2026-06-10T18:33:15.860Z
c_csv_642_5860,Sunburst OW-1-4 Ballet Slipper,Off-White Collection,#F6ECDE,#FAF4EC,#9F9990,#FDFCFA,Professional coordinating Sunburst color palette featuring OW-1-4 Ballet Slipper. Backed fully by Sunburst paints warranty protocols. Formulated for continuous coverage.,true,SB-CAT-622-128,2026-06-10T18:33:15.860Z
c_csv_643_5860,Sunburst OW-2-1 Angelique,Off-White Collection,#F5F0E2,#F9F6EF,#9F9C92,#FDFCFA,Professional coordinating Sunburst color palette featuring OW-2-1 Angelique. Backed fully by Sunburst paints warranty protocols. Formulated for continuous coverage.,true,SB-CAT-6225-129,2026-06-10T18:33:15.860Z
c_csv_644_5860,Sunburst OW-2-2 Light Reflection,Off-White Collection,#F4ECE1,#F8F4EE,#9E9992,#FDFCFA,Professional coordinating Sunburst color palette featuring OW-2-2 Light Reflection. Backed fully by Sunburst paints warranty protocols. Formulated for continuous coverage.,true,SB-CAT-8211-130,2026-06-10T18:33:15.860Z
c_csv_645_5860,Sunburst OW-2-3 Honeysuckle Bloom,Off-White Collection,#F2ECE0,#F7F4ED,#9D9991,#FDFCFA,Professional coordinating Sunburst color palette featuring OW-2-3 Honeysuckle Bloom. Backed fully by Sunburst paints warranty protocols. Formulated for continuous coverage.,true,SB-CAT-8215-131,2026-06-10T18:33:15.860Z
c_csv_646_5860,Sunburst OW-2-4 Delicate Lace,Off-White Collection,#F4EADC,#F8F3EB,#9E988F,#FDFBF9,Professional coordinating Sunburst color palette featuring OW-2-4 Delicate Lace. Backed fully by Sunburst paints warranty protocols. Formulated for continuous coverage.,true,SB-CAT-8231-132,2026-06-10T18:33:15.860Z
c_csv_647_5860,Sunburst OW-3-1 Banister Beige,Off-White Collection,#EADECF,#F3ECE4,#989086,#FBFAF7,Professional coordinating Sunburst color palette featuring OW-3-1 Banister Beige. Backed fully by Sunburst paints warranty protocols. Formulated for continuous coverage.,true,SB-CAT-8235-133,2026-06-10T18:33:15.860Z
c_csv_648_5860,Sunburst OW-3-2 Grace's Smile,Off-White Collection,#F6F2E9,#FAF7F2,#9F9D97,#FDFDFB,Professional coordinating Sunburst color palette featuring OW-3-2 Grace's Smile. Backed fully by Sunburst paints warranty protocols. Formulated for continuous coverage.,true,SB-CAT-900C-134,2026-06-10T18:33:15.860Z
c_csv_649_5860,Sunburst OW-3-3 Pongee,Off-White Collection,#F6F1E7,#FAF7F1,#9F9C96,#FDFCFB,Professional coordinating Sunburst color palette featuring OW-3-3 Pongee. Backed fully by Sunburst paints warranty protocols. Formulated for continuous coverage.,true,SB-CAT-900W-135,2026-06-10T18:33:15.860Z
c_csv_650_5860,Sunburst OW-3-4 Bell Song,Off-White Collection,#F5EFE2,#F9F6EF,#9F9B92,#FDFCFA,Professional coordinating Sunburst color palette featuring OW-3-4 Bell Song. Backed fully by Sunburst paints warranty protocols. Formulated for continuous coverage.,true,SB-CAT-900C-136,2026-06-10T18:33:15.860Z
c_csv_651_5860,Sunburst OW-4-1 Cream Tulip,Off-White Collection,#F4EFE0,#F8F6ED,#9E9B91,#FDFCFA,Professional coordinating Sunburst color palette featuring OW-4-1 Cream Tulip. Backed fully by Sunburst paints warranty protocols. Formulated for continuous coverage.,true,SB-CAT-900W-137,2026-06-10T18:33:15.860Z
c_csv_652_5860,Sunburst OW-4-2 Sweet Silence,Off-White Collection,#F4EFE0,#F8F6ED,#9E9B91,#FDFCFA,Professional coordinating Sunburst color palette featuring OW-4-2 Sweet Silence. Backed fully by Sunburst paints warranty protocols. Formulated for continuous coverage.,true,SB-CAT-ADDC-139,2026-06-10T18:33:15.860Z
c_csv_653_5860,Sunburst OW-4-3 Warm Welcome,Off-White Collection,#F7F4E9,#FAF8F2,#A09E97,#FDFDFB,Professional coordinating Sunburst color palette featuring OW-4-3 Warm Welcome. Backed fully by Sunburst paints warranty protocols. Formulated for continuous coverage.,true,SB-CAT-ADDC-140,2026-06-10T18:33:15.860Z
c_csv_654_5860,Sunburst OW-4-4 Colonial Cream,Off-White Collection,#F3EDDF,#F8F5ED,#9D9A90,#FDFCFA,Professional coordinating Sunburst color palette featuring OW-4-4 Colonial Cream. Backed fully by Sunburst paints warranty protocols. Formulated for continuous coverage.,true,SB-CAT-CAME-143,2026-06-10T18:33:15.860Z
c_csv_655_5860,Sunburst OW-5-1 Bedouin Sand,Off-White Collection,#F5EFE2,#F9F6EF,#9F9B92,#FDFCFA,Professional coordinating Sunburst color palette featuring OW-5-1 Bedouin Sand. Backed fully by Sunburst paints warranty protocols. Formulated for continuous coverage.,true,SB-CAT-CAME-144,2026-06-10T18:33:15.860Z
c_csv_656_5860,Sunburst OW-5-2 Screen Star,Off-White Collection,#F5F1E5,#F9F7F0,#9F9C94,#FDFCFB,Professional coordinating Sunburst color palette featuring OW-5-2 Screen Star. Backed fully by Sunburst paints warranty protocols. Formulated for continuous coverage.,true,SB-CAT-FILL-160,2026-06-10T18:33:15.860Z
c_csv_657_5860,Sunburst OW-5-3 Morning Song,Off-White Collection,#F4F0E7,#F8F6F1,#9E9C96,#FDFCFB,Professional coordinating Sunburst color palette featuring OW-5-3 Morning Song. Backed fully by Sunburst paints warranty protocols. Formulated for continuous coverage.,true,SB-CAT-FILL-161,2026-06-10T18:33:15.860Z
c_csv_658_5860,Sunburst OW-5-4 Elusive Dream,Off-White Collection,#EBE6D9,#F4F1EA,#98958D,#FCFBF9,Professional coordinating Sunburst color palette featuring OW-5-4 Elusive Dream. Backed fully by Sunburst paints warranty protocols. Formulated for continuous coverage.,true,SB-CAT-GALL-164,2026-06-10T18:33:15.860Z
c_csv_659_5860,Sunburst OW-6-1 Sauterne,Off-White Collection,#F5F0E5,#F9F6F0,#9F9C94,#FDFCFB,Professional coordinating Sunburst color palette featuring OW-6-1 Sauterne. Backed fully by Sunburst paints warranty protocols. Formulated for continuous coverage.,true,SB-CAT-META-166,2026-06-10T18:33:15.860Z
c_csv_660_5860,Sunburst OW-6-2 Parrafin,Off-White Collection,#F2EFE2,#F7F6EF,#9D9B92,#FDFCFA,Professional coordinating Sunburst color palette featuring OW-6-2 Parrafin. Backed fully by Sunburst paints warranty protocols. Formulated for continuous coverage.,true,SB-CAT-META-167,2026-06-10T18:33:15.860Z
c_csv_661_5860,Sunburst OW-6-3 Desert Daze,Off-White Collection,#F6EEE1,#FAF5EE,#9F9A92,#FDFCFA,Professional coordinating Sunburst color palette featuring OW-6-3 Desert Daze. Backed fully by Sunburst paints warranty protocols. Formulated for continuous coverage.,true,SB-CAT-MIXM-168,2026-06-10T18:33:15.860Z
c_csv_662_5860,Sunburst OW-6-4 Summer Secret,Off-White Collection,#EFE9DC,#F6F2EB,#9B978F,#FCFBF9,Professional coordinating Sunburst color palette featuring OW-6-4 Summer Secret. Backed fully by Sunburst paints warranty protocols. Formulated for continuous coverage.,true,SB-CAT-MIXM-169,2026-06-10T18:33:15.860Z
c_csv_663_5860,Sunburst OW-7-1 Ivory Pillar,Off-White Collection,#EBE3D4,#F4EFE7,#989389,#FCFAF8,Professional coordinating Sunburst color palette featuring OW-7-1 Ivory Pillar. Backed fully by Sunburst paints warranty protocols. Formulated for continuous coverage.,true,SB-CAT-MIXN-170,2026-06-10T18:33:15.860Z
c_csv_664_5860,Sunburst OW-7-2 Helios,Off-White Collection,#ECEDE6,#F4F5F1,#999A95,#FCFCFB,Professional coordinating Sunburst color palette featuring OW-7-2 Helios. Backed fully by Sunburst paints warranty protocols. Formulated for continuous coverage.,true,SB-CAT-NEWZ-171,2026-06-10T18:33:15.860Z
c_csv_665_5860,Sunburst OW-7-3 Windy City,Off-White Collection,#F7F2E5,#FAF7F0,#A09D94,#FDFDFB,Professional coordinating Sunburst color palette featuring OW-7-3 Windy City. Backed fully by Sunburst paints warranty protocols. Formulated for continuous coverage.,true,SB-CAT-NEWZ-172,2026-06-10T18:33:15.860Z
c_csv_666_5860,Sunburst OW-7-4 Little Darling,Off-White Collection,#F0E3CD,#F6EFE3,#9C9385,#FCFAF7,Professional coordinating Sunburst color palette featuring OW-7-4 Little Darling. Backed fully by Sunburst paints warranty protocols. Formulated for continuous coverage.,true,SB-CAT-OSPH-173,2026-06-10T18:33:15.860Z
c_csv_667_5860,Sunburst OW-8-1 White Splendor,Off-White Collection,#EBE0CF,#F4EDE4,#989186,#FCFAF7,Professional coordinating Sunburst color palette featuring OW-8-1 White Splendor. Backed fully by Sunburst paints warranty protocols. Formulated for continuous coverage.,true,SB-CAT-PAIN-177,2026-06-10T18:33:15.860Z
c_csv_668_5860,Sunburst OW-8-2 Silken Sand,Off-White Collection,#F4EFDE,#F8F6EC,#9E9B90,#FDFCFA,Professional coordinating Sunburst color palette featuring OW-8-2 Silken Sand. Backed fully by Sunburst paints warranty protocols. Formulated for continuous coverage.,true,SB-CAT-PAIN-178,2026-06-10T18:33:15.860Z
c_csv_669_5860,Sunburst OW-8-3 Brushed Cotton,Off-White Collection,#F2E8D5,#F7F2E7,#9D968A,#FDFBF8,Professional coordinating Sunburst color palette featuring OW-8-3 Brushed Cotton. Backed fully by Sunburst paints warranty protocols. Formulated for continuous coverage.,true,SB-CAT-PLAS-180,2026-06-10T18:33:15.860Z
c_csv_670_5860,Sunburst OW-8-4 Waxen Moon,Off-White Collection,#E8D8C1,#F2E9DC,#968C7D,#FBF9F5,Professional coordinating Sunburst color palette featuring OW-8-4 Waxen Moon. Backed fully by Sunburst paints warranty protocols. Formulated for continuous coverage.,true,SB-CAT-RED-188,2026-06-10T18:33:15.860Z
